{
  "sections": {
    "main-blog": {
      "type": "main-blog",
      "settings": {
        "hide_heading": false,
        "menu": "",
        "posts_per_page": 10,
        "show_image": true,
        "show_date": true,
        "show_author": false,
        "columns": "3",
        "content_color_scheme": "background-2",
        "spacing_mode": "desktop",
        "spacing_top": 60,
        "spacing_bottom": 60,
        "spacing_top_mobile": 48,
        "spacing_bottom_mobile": 48
      }
    }
  },
  "order": [
    "main-blog"
  ]
}
