{"sections":{"main-cart-items":{"type":"main-cart-items","settings":{"show_vendor":true,"show_sku":false,"spacing_mode":"desktop","spacing_top":60,"spacing_bottom":30,"spacing_top_mobile":48,"spacing_bottom_mobile":24}},"main-cart-footer":{"type":"main-cart-footer","blocks":{"subtotal":{"type":"subtotal","settings":{}},"buttons":{"type":"buttons","settings":{"show_buy_now":true}}},"block_order":["subtotal","buttons"],"settings":{"show_coupon_code":true,"append_coupon_codes":false,"show_cart_note":true,"show_shipping_calculator":true,"spacing_mode":"desktop","spacing_top":0,"spacing_bottom":90,"spacing_top_mobile":0,"spacing_bottom_mobile":72}}},"order":["main-cart-items","main-cart-footer"]}