{
  "sections": {
    "main-collection-banner": {
      "type": "main-collection-banner",
      "settings": {
        "show_collection_description": true,
        "show_collection_image": true,
        "collection_description_fullwidth": false,
        "overlay_opacity": 80,
        "color_scheme": "background-1",
        "show_collection_title": true,
        "heading_size": "lg",
        "description_size": "md",
        "description_lines_to_show": 0,
        "spacing_mode": "desktop",
        "spacing_top": 0,
        "spacing_bottom": 0,
        "spacing_top_mobile": 0,
        "spacing_bottom_mobile": 0
      }
    },
    "main-collection-subcollections": {
      "type": "main-collection-subcollections",
      "settings": {
        "image_ratio": "adapt",
        "show_title": true,
        "show_product_size": true,
        "layout": "grid",
        "columns": 6,
        "stack_on_mobile": false,
        "enable_border": true,
        "content_color_scheme": "background-2",
        "spacing_mode": "desktop",
        "spacing_top": 0,
        "spacing_bottom": 40,
        "spacing_top_mobile": 0,
        "spacing_bottom_mobile": 32
      }
    },
    "main-collection-product-grid": {
      "type": "main-collection-product-grid",
      "settings": {
        "products_per_page": 24,
        "product_card_type": "normal",
        "desktop_product_columns": "4",
        "enable_filtering": true,
        "show_product_count": true,
        "enable_sorting": true,
        "show_vendor": true,
        "show_stock": true,
        "show_rating": true,
        "side_menu_title": "Collections",
        "side_menu": "",
        "spacing_top": 25,
        "spacing_bottom": 90,
        "show_thumbnail_zoom": false,
        "enable_filters_toggle": false,
        "filters_toggle_default": "visible",
        "hide_empty_filters": false,
        "show_filter_product_count": true,
        "show_sku": false,
        "filter_button_color_scheme": "button-secondary",
        "side_menu_expand_on_arrow": false,
        "spacing_mode": "desktop",
        "spacing_top_mobile": 20,
        "spacing_bottom_mobile": 72
      }
    }
  },
  "order": [
    "main-collection-banner",
    "main-collection-subcollections",
    "main-collection-product-grid"
  ]
}
