{
  "sections": {
    "main-collection-banner": {
      "type": "main-collection-banner",
      "settings": {
        "show_collection_title": true,
        "show_collection_description": true,
        "show_collection_image": true,
        "heading_size": "lg",
        "description_size": "md",
        "collection_description_fullwidth": false,
        "description_lines_to_show": 0,
        "overlay_opacity": 80,
        "color_scheme": "background-1",
        "spacing_mode": "desktop",
        "spacing_top": 0,
        "spacing_bottom": 0,
        "spacing_top_mobile": 0,
        "spacing_bottom_mobile": 0
      }
    },
    "main-collection-subcollections": {
      "type": "main-collection-subcollections",
      "settings": {
        "image_ratio": "square",
        "show_title": true,
        "show_product_size": true,
        "layout": "slider",
        "columns": 10,
        "stack_on_mobile": false,
        "enable_border": true,
        "content_color_scheme": "background-2",
        "spacing_mode": "desktop",
        "spacing_top": 0,
        "spacing_bottom": 40,
        "spacing_top_mobile": 0,
        "spacing_bottom_mobile": 32
      }
    },
    "main-collection-product-grid": {
      "type": "main-collection-product-grid",
      "blocks": {
        "inline_banner": {
          "type": "inline_banner",
          "settings": {
            "row_position": "1",
            "hide_on_filtered": false,
            "image": "",
            "overlay_background": "linear-gradient(180deg, rgba(0, 0, 0, 0), rgba(0, 0, 0, 0.8) 100%)",
            "heading": "Need help?",
            "text": "<p>Customers who book online and choose our mobile tire fitting service are also eligible to claim.</p>",
            "link_title": "Get in touch",
            "link_url": "",
            "color_scheme": "accent-2",
            "hide_if_empty": false
          }
        }
      },
      "block_order": [
        "inline_banner"
      ],
      "settings": {
        "products_per_page": 24,
        "product_card_type": "normal",
        "desktop_product_columns": "4",
        "enable_filtering": true,
        "enable_filters_toggle": true,
        "filters_toggle_default": "visible",
        "show_filter_product_count": true,
        "show_product_count": true,
        "enable_sorting": true,
        "hide_empty_filters": true,
        "show_vendor": true,
        "show_stock": true,
        "show_rating": true,
        "filter_button_color_scheme": "button-secondary",
        "side_menu_title": "Collections",
        "side_menu": "",
        "spacing_top": 25,
        "spacing_bottom": 90,
        "show_thumbnail_zoom": false,
        "show_sku": false,
        "side_menu_expand_on_arrow": false,
        "spacing_mode": "desktop",
        "spacing_top_mobile": 20,
        "spacing_bottom_mobile": 72
      }
    }
  },
  "order": [
    "main-collection-banner",
    "main-collection-subcollections",
    "main-collection-product-grid"
  ]
}
