{"sections":{"slideshow":{"type":"slideshow","blocks":{"slide-1":{"type":"slide","settings":{"image":"","overlay_background":"linear-gradient(229deg, rgba(0, 0, 0, 0) 42%, rgba(0, 0, 0, 0.76) 100%)","heading":"Traction to Trust","heading_size":"xl","subheading":"<p>Experience superior traction and control with our high-performance tires, ensuring safety and performance in any driving condition.<\/p>","text_color":"#ffffff","box_align":"middle-left","content_width":34,"button_label":"Shop for tires","button_type_link":false,"button_color_scheme":"button-primary","link":"","secondary_button_label":"","secondary_button_type_link":false,"secondary_button_color_scheme":"button-secondary","secondary_link":"","badge_overlay_line_1_text":"","badge_overlay_line_1_font_size":"md","badge_overlay_line_2_text":"","badge_overlay_line_2_font_size":"xl","badge_overlay_line_3_text":"","badge_overlay_line_3_font_size":"md","badge_overlay_position":"left","badge_overlay_colors_text":"#ffffff","badge_overlay_colors_background":"#ce333c","enable_video_mobile":false,"mobile_image":"","mobile_heading_size":"md","mobile_box_align":"bottom-center"}},"slide-2":{"type":"slide","settings":{"image":"","overlay_background":"linear-gradient(180deg, rgba(0, 0, 0, 0), rgba(0, 0, 0, 0.8) 100%)","heading":"Own the Road in Style","heading_size":"xl","subheading":"<p>Upgrade your ride with our stylish and durable alloy wheels, designed to make your car stand out and perform at its peak.<\/p>","text_color":"#ffffff","box_align":"middle-left","content_width":50,"button_label":"Shop for wheels","button_type_link":false,"button_color_scheme":"button-primary","link":"","secondary_button_label":"","secondary_button_type_link":false,"secondary_button_color_scheme":"button-secondary","secondary_link":"","badge_overlay_line_1_text":"","badge_overlay_line_1_font_size":"md","badge_overlay_line_2_text":"","badge_overlay_line_2_font_size":"xl","badge_overlay_line_3_text":"","badge_overlay_line_3_font_size":"md","badge_overlay_position":"left","badge_overlay_colors_text":"#ffffff","badge_overlay_colors_background":"#ce333c","enable_video_mobile":false,"mobile_image":"","mobile_heading_size":"md","mobile_box_align":"bottom-center"}},"slide-3":{"type":"slide","settings":{"image":"","overlay_background":"linear-gradient(180deg, rgba(0, 0, 0, 0), rgba(0, 0, 0, 0.8) 100%)","heading":"Illuminate Your Drive","heading_size":"xl","subheading":"<p>Enhance your vehicle's presence with our premium lighting accessories - headlights, signal lights, and more for a bright and safe journey.<\/p>","text_color":"#ffffff","box_align":"middle-left","content_width":50,"button_label":"Show now","button_type_link":false,"button_color_scheme":"button-primary","link":"","secondary_button_label":"","secondary_button_type_link":false,"secondary_button_color_scheme":"button-secondary","secondary_link":"","badge_overlay_line_1_text":"","badge_overlay_line_1_font_size":"md","badge_overlay_line_2_text":"","badge_overlay_line_2_font_size":"xl","badge_overlay_line_3_text":"","badge_overlay_line_3_font_size":"md","badge_overlay_position":"left","badge_overlay_colors_text":"#ffffff","badge_overlay_colors_background":"#ce333c","enable_video_mobile":false,"mobile_image":"","mobile_heading_size":"md","mobile_box_align":"bottom-center"}}},"block_order":["slide-1","slide-2","slide-3"],"settings":{"auto_rotate":true,"change_slides_speed":5,"show_progress_bar_desktop":false,"animation_type":"fade","navigation_type_desktop":"slide","full_width":true,"slide_height":"medium","accessibility_info":"","color_scheme":"background-1","spacing_mode":"desktop","spacing_top":0,"spacing_bottom":0,"spacing_top_mobile":72,"spacing_bottom_mobile":72,"heading_tag":"h2","show_on_desktop":true,"show_on_mobile":true,"hide_if_empty":false}},"features":{"type":"features","blocks":{"feature-1":{"type":"feature","settings":{"icon":"truck","custom_icon":"","image":"","title":"Same-day shipping, daily.","text":""}},"feature-2":{"type":"feature","settings":{"icon":"activity","custom_icon":"","image":"","title":"Price protection.","text":""}},"feature-3":{"type":"feature","settings":{"icon":"returns","custom_icon":"","image":"","title":"Free returns.","text":""}},"feature-4":{"type":"feature","settings":{"icon":"percent","custom_icon":"","image":"","title":"Weekly special offers.","text":""}}},"block_order":["feature-1","feature-2","feature-3","feature-4"],"settings":{"full_width":true,"stack_on_mobile":false,"auto_rotate":false,"size":"small","color_scheme":"accent-1","spacing_mode":"desktop","spacing_top":10,"spacing_bottom":10,"spacing_top_mobile":32,"spacing_bottom_mobile":32,"show_on_desktop":true,"show_on_mobile":true,"hide_if_empty":false}},"filters":{"type":"filters","blocks":{"filter-1":{"type":"filter","settings":{"title":"Width","placeholder":"Width","tooltip":"Select the tire width in millimeters."}},"filter-2":{"type":"filter","settings":{"title":"Rim Size","placeholder":"Rim size","tooltip":"Pick the wheel diameter in inches."}},"filter-3":{"type":"filter","settings":{"title":"Profile","placeholder":"Profile","tooltip":"Choose the tire's aspect ratio."}}},"block_order":["filter-1","filter-2","filter-3"],"settings":{"heading":"Search for tires by size","heading_size":"md","subheading":"","headings_alignment":"left","collections":[],"collections_2":[],"collections_label":"Tire type","collections_tooltip":"Choose your desired tire category.","full_width":true,"height":"auto","height_custom":170,"color_scheme":"background-1","background_image":"","overlay_color":"#000000d6","spacing_mode":"desktop","spacing_top":90,"spacing_bottom":90,"spacing_top_mobile":72,"spacing_bottom_mobile":72,"heading_tag":"h2","show_on_desktop":true,"show_on_mobile":true,"hide_if_empty":false}},"featured-collections":{"type":"featured-collections","blocks":{"featured_collection-1":{"type":"featured_collection","settings":{"collections":[],"image":"","video_url":"","button_text":"","button_type_link":true,"heading_size":"md","badge_overlay_line_1_text":"Save","badge_overlay_line_1_font_size":"md","badge_overlay_line_2_text":"30%","badge_overlay_line_2_font_size":"xl","badge_overlay_line_3_text":"","badge_overlay_line_3_font_size":"md","badge_overlay_position":"left","badge_overlay_colors_text":"#ffffff","badge_overlay_colors_background":"#ce333c","mobile_heading_size":"md"}},"featured_collection-2":{"type":"featured_collection","settings":{"collections":[],"image":"","video_url":"","button_text":"","button_type_link":true,"heading_size":"md","badge_overlay_line_1_text":"","badge_overlay_line_1_font_size":"md","badge_overlay_line_2_text":"","badge_overlay_line_2_font_size":"xl","badge_overlay_line_3_text":"","badge_overlay_line_3_font_size":"md","badge_overlay_position":"left","badge_overlay_colors_text":"#ffffff","badge_overlay_colors_background":"#ce333c","mobile_heading_size":"md"}},"featured_collection-3":{"type":"featured_collection","settings":{"collections":[],"image":"","video_url":"","button_text":"","button_type_link":true,"heading_size":"md","badge_overlay_line_1_text":"New","badge_overlay_line_1_font_size":"md","badge_overlay_line_2_text":"Arrivals","badge_overlay_line_2_font_size":"lg","badge_overlay_line_3_text":"","badge_overlay_line_3_font_size":"md","badge_overlay_position":"left","badge_overlay_colors_text":"#ffffff","badge_overlay_colors_background":"#ce333c","mobile_heading_size":"md"}},"featured_collection-4":{"type":"featured_collection","settings":{"collections":[],"image":"","video_url":"","button_text":"","button_type_link":true,"heading_size":"md","badge_overlay_line_1_text":"","badge_overlay_line_1_font_size":"md","badge_overlay_line_2_text":"","badge_overlay_line_2_font_size":"xl","badge_overlay_line_3_text":"","badge_overlay_line_3_font_size":"md","badge_overlay_position":"left","badge_overlay_colors_text":"#ffffff","badge_overlay_colors_background":"#ce333c","mobile_heading_size":"md"}}},"block_order":["featured_collection-1","featured_collection-2","featured_collection-3","featured_collection-4"],"settings":{"heading":"Shop by category","heading_size":"md","subheading":"","link_title":"All categories","link_url":"shopify:\/\/collections","headings_alignment":"left","card_type":"overlay","card_ratio":"portrait","show_title":true,"show_button":true,"layout":"grid","columns":4,"stack_on_mobile":false,"content_color_scheme":"","color_scheme":"background-1","spacing_mode":"desktop","spacing_top":90,"spacing_bottom":90,"spacing_top_mobile":72,"spacing_bottom_mobile":72,"heading_tag":"h2","show_on_desktop":true,"show_on_mobile":true,"hide_if_empty":false}},"banner-list":{"type":"banner-list","blocks":{"banner":{"type":"banner","settings":{"image":"","video_url":"","overlay_background":"linear-gradient(180deg, rgba(0, 0, 0, 0), rgba(0, 0, 0, 0.8) 100%)","title":"Need help?","heading_size":"xl","description":"<p>We provide personalized car tuning advice to enhance your driving experience.<\/p>","text_color":"#ffffff","button_text":"Get in touch","button_link":"","button_type_link":false,"button_color_scheme":"button-primary","box_align":"bottom-left","badge_overlay_line_1_text":"","badge_overlay_line_1_font_size":"md","badge_overlay_line_2_text":"","badge_overlay_line_2_font_size":"xl","badge_overlay_line_3_text":"","badge_overlay_line_3_font_size":"md","badge_overlay_position":"left","badge_overlay_colors_text":"#ffffff","badge_overlay_colors_background":"#ce333c","mobile_image":"","mobile_heading_size":"lg","mobile_box_align":"bottom-left"}}},"block_order":["banner"],"settings":{"heading":"","heading_size":"md","subheading":"","link_title":"","link_url":"","headings_alignment":"left","card_ratio":"adapt","show_title":true,"show_description":true,"show_button":true,"card_clickable_desktop":false,"links_new_window":false,"layout":"media_compact","columns":3,"stack_on_mobile":false,"color_scheme":"background-1","spacing_mode":"desktop","spacing_top":90,"spacing_bottom":90,"spacing_top_mobile":72,"spacing_bottom_mobile":72,"heading_tag":"h2","show_on_desktop":true,"show_on_mobile":true,"hide_if_empty":false}},"featured-collection":{"type":"featured-collection","settings":{"collection":"","products_to_show":8,"products":[],"heading":"Deals of the week","heading_size":"md","subheading":"","link_title":"Show more","link_url":"","headings_alignment":"left","show_vendor":true,"show_sku":false,"show_stock":true,"show_rating":true,"show_collection":false,"collection_position":"end","card_type":"overlay","collection_image":"","collection_overlay_background":"linear-gradient(180deg, rgba(0, 0, 0, 0), rgba(0, 0, 0, 0.8) 100%)","collection_color_scheme":"","collection_title":"","collection_description":"","collection_button_text":"","collection_button_type_link":false,"layout":"grid","columns":"4","stack_on_mobile":false,"mobile_columns":"1","products_position":"right","show_countdown":true,"expiration_date":"","sticky_countdown":true,"hide_on_expiry":false,"expiration_collection_description":"","expiration_message":"","color_scheme":"background-1","spacing_mode":"desktop","spacing_top":90,"spacing_bottom":90,"spacing_top_mobile":72,"spacing_bottom_mobile":72,"heading_tag":"h2","show_on_desktop":true,"show_on_mobile":true,"hide_placeholders":false}},"vertical-filters":{"type":"vertical-filters","blocks":{"filter-1":{"type":"filter","settings":{"title":"Year","placeholder":"Year","tooltip":"Select the model year to ensure each part is a perfect match."}},"filter-2":{"type":"filter","settings":{"title":"Make","placeholder":"Make","tooltip":"Choose your vehicle’s make to filter parts designed specifically for it."}},"filter-3":{"type":"filter","settings":{"title":"Model","placeholder":"Model","tooltip":"Pick the exact model to find the right fit for your next upgrade."}}},"block_order":["filter-1","filter-2","filter-3"],"settings":{"background_image":"","overlay_background":"linear-gradient(180deg, rgba(0, 0, 0, 0), rgba(0, 0, 0, 0.8) 100%)","heading":"Find the perfect part for your ride","heading_size":"xl","text":"<p>Explore our extensive selection of auto parts built to keep your vehicle performing at its best.<\/p>","button_label":"","link":"","full_width":false,"content_width":50,"filters_position":"right","filters_heading":"Search by vehicle","collections":[],"collections_2":[],"collections_label":"Select...","collections_tooltip":"","mobile_background_image":"","mobile_heading_size":"lg","color_scheme":"accent-2","filters_color_scheme":"accent-2","spacing_mode":"desktop","spacing_top":90,"spacing_bottom":90,"spacing_top_mobile":72,"spacing_bottom_mobile":72,"heading_tag":"h2","show_on_desktop":true,"show_on_mobile":true,"hide_if_empty":false}},"tabbed-collection-lists":{"type":"tabbed-collection-lists","blocks":{"collection_list-1":{"type":"collection_list","settings":{"heading":"Car parts","collections":[]}},"collection_list-2":{"type":"collection_list","settings":{"heading":"Car care","collections":[]}}},"block_order":["collection_list-1","collection_list-2"],"settings":{"heading":"Categories","heading_size":"md","subheading":"","headings_alignment":"left","image_ratio":"square","show_title":true,"block_heading_size":"md","enable_border":false,"layout":"grid","columns":"6","stack_on_mobile":false,"content_color_scheme":"","color_scheme":"background-1","spacing_mode":"desktop","spacing_top":90,"spacing_bottom":90,"spacing_top_mobile":72,"spacing_bottom_mobile":72,"heading_tag":"h2","show_on_desktop":true,"show_on_mobile":true,"hide_if_empty":false}},"collection-list":{"type":"collection-list","blocks":{"collection-1":{"type":"collection","settings":{"collection":"","image":"","video_url":"","description":"<p>Maximize your vehicle's space with our top-quality car organizers. Keep your essentials within reach and your cabin clutter-free.<\/p>","button_text":"","button_type_link":true,"heading_size":"md","badge_overlay_line_1_text":"Clearance","badge_overlay_line_1_font_size":"md","badge_overlay_line_2_text":"","badge_overlay_line_2_font_size":"xl","badge_overlay_line_3_text":"","badge_overlay_line_3_font_size":"md","badge_overlay_position":"left","badge_overlay_colors_text":"#ffffff","badge_overlay_colors_background":"#ce333c","mobile_heading_size":"md"}},"collection-2":{"type":"collection","settings":{"collection":"","image":"","video_url":"","description":"<p>Stay prepared for any situation with our first aid kits. Whether you're on a family road trip or a solo adventure.<\/p>","button_text":"","button_type_link":true,"heading_size":"md","badge_overlay_line_1_text":"","badge_overlay_line_1_font_size":"md","badge_overlay_line_2_text":"","badge_overlay_line_2_font_size":"xl","badge_overlay_line_3_text":"","badge_overlay_line_3_font_size":"md","badge_overlay_position":"left","badge_overlay_colors_text":"#ffffff","badge_overlay_colors_background":"#ce333c","mobile_heading_size":"md"}},"collection-3":{"type":"collection","settings":{"collection":"","image":"","video_url":"","description":"<p>Expand your cargo capacity with our versatile roof racks. Perfect for road trips or transporting gear on your next adventure.<\/p>","button_text":"","button_type_link":true,"heading_size":"md","badge_overlay_line_1_text":"New!","badge_overlay_line_1_font_size":"md","badge_overlay_line_2_text":"","badge_overlay_line_2_font_size":"xl","badge_overlay_line_3_text":"","badge_overlay_line_3_font_size":"md","badge_overlay_position":"left","badge_overlay_colors_text":"#ffffff","badge_overlay_colors_background":"#1b1b1b","mobile_heading_size":"md"}},"collection-4":{"type":"collection","settings":{"collection":"","image":"","video_url":"","description":"<p>Keep your vehicle powered up with our reliable batteries. Ensure a smooth journey with top performance and longevity.<\/p>","button_text":"","button_type_link":true,"heading_size":"md","badge_overlay_line_1_text":"","badge_overlay_line_1_font_size":"md","badge_overlay_line_2_text":"","badge_overlay_line_2_font_size":"xl","badge_overlay_line_3_text":"","badge_overlay_line_3_font_size":"md","badge_overlay_position":"left","badge_overlay_colors_text":"#ffffff","badge_overlay_colors_background":"#ce333c","mobile_heading_size":"md"}}},"block_order":["collection-1","collection-2","collection-3","collection-4"],"settings":{"heading":"Travel Essentials","heading_size":"md","subheading":"","link_title":"","link_url":"","headings_alignment":"left","card_type":"overlay","card_ratio":"portrait","show_title":true,"show_description":true,"show_button":true,"card_clickable_desktop":false,"links_new_window":false,"layout":"grid","columns":4,"stack_on_mobile":false,"content_color_scheme":"","color_scheme":"accent-2","spacing_mode":"desktop","spacing_top":90,"spacing_bottom":90,"spacing_top_mobile":72,"spacing_bottom_mobile":72,"heading_tag":"h2","show_on_desktop":true,"show_on_mobile":true,"hide_if_empty":false}},"video-modal":{"type":"video-modal","settings":{"background_image":"","overlay_background":"linear-gradient(318deg, rgba(6, 6, 6, 0.5) 24%, rgba(0, 0, 0, 0.14) 100%)","cover_image":"","video_url":"https:\/\/www.youtube.com\/watch?v=_9VUPq3SxOc","video_description":"","auto_play":false,"heading":"ECB Tuning’s MKX GTI “RACEWAGEN”","text":"<p>Customer showcase<\/p>","button_label":"View video","full_width":true,"height":"small","box_align":"default","color_scheme":"accent-2","spacing_mode":"desktop","spacing_top":0,"spacing_bottom":90,"spacing_top_mobile":72,"spacing_bottom_mobile":72,"heading_tag":"h2","show_on_desktop":true,"show_on_mobile":true,"hide_if_empty":false}},"multicolumn":{"type":"multicolumn","blocks":{"column-1":{"type":"column","settings":{"image":"","image_width":550,"title":"Tire fitting","text":"<p>Pair text with an image to focus on your chosen product, collection, or blog post. Add details on availability, style, or even provide a review.<\/p>","link_label":"The process","link":""}},"column-2":{"type":"column","settings":{"image":"","image_width":550,"title":"Mobile tire fitting","text":"<p>Pair text with an image to focus on your chosen product, collection, or blog post. Add details on availability, style, or even provide a review.<\/p>","link_label":"Get in touch","link":""}},"column-3":{"type":"column","settings":{"image":"","image_width":550,"title":"Tire balance & alignment","text":"<p>Pair text with an image to focus on your chosen product, collection, or blog post. Add details on availability, style, or even provide a review.<\/p>","link_label":"Book a date","link":""}}},"block_order":["column-1","column-2","column-3"],"settings":{"title":"Services","heading_size":"md","subtitle":"","button_label":"","button_link":"","headings_alignment":"left","columns":3,"mobile_columns":"1","column_alignment":"left","card_type":"card","image_ratio":"landscape","content_color_scheme":"","color_scheme":"background-1","spacing_mode":"desktop","spacing_top":90,"spacing_bottom":90,"spacing_top_mobile":72,"spacing_bottom_mobile":72,"heading_tag":"h2","show_on_desktop":true,"show_on_mobile":true,"hide_if_empty":false}},"tabbed-product-lists":{"type":"tabbed-product-lists","blocks":{"collection-1":{"type":"collection","settings":{"collection":"","tab_label":"","products":[]}},"collection-2":{"type":"collection","settings":{"collection":"","tab_label":"","products":[]}},"collection-3":{"type":"collection","settings":{"collection":"","tab_label":"","products":[]}}},"block_order":["collection-1","collection-2","collection-3"],"settings":{"heading":"Featured tires by season","heading_size":"md","subheading":"","headings_alignment":"left","products_to_show":4,"show_vendor":true,"show_sku":false,"show_stock":true,"show_rating":true,"layout":"media","columns":"4","stack_on_mobile":false,"mobile_columns":"1","color_scheme":"background-1","spacing_mode":"desktop","spacing_top":90,"spacing_bottom":90,"spacing_top_mobile":72,"spacing_bottom_mobile":72,"heading_tag":"h2","show_on_desktop":true,"show_on_mobile":true,"hide_if_empty":false}},"product-comparison":{"type":"product-comparison","blocks":{"price":{"type":"price","settings":{"heading":"Price"}},"vendor":{"type":"vendor","settings":{"heading":"Vendor"}},"rating":{"type":"rating","settings":{"heading":"Rating"}},"sku":{"type":"sku","settings":{"heading":"SKU"}},"stock_availability":{"type":"stock_availability","settings":{"heading":"Stock availability"}}},"block_order":["price","vendor","rating","sku","stock_availability"],"name":"t:sections.product_comparison.presets.name","settings":{"heading":"Your ride, your style","heading_size":"md","subheading":"","headings_alignment":"left","products":[],"show_current_product":false,"show_headings":false,"product_header_image_ratio":"square","product_header_add_to_cart_button":"add_to_cart","product_header_show_quantity":false,"color_scheme":"accent-2","spacing_mode":"desktop","spacing_top":60,"spacing_bottom":60,"spacing_top_mobile":72,"spacing_bottom_mobile":72,"heading_tag":"h2","show_on_desktop":true,"show_on_mobile":true,"hide_if_empty":false}},"brands":{"type":"brands","blocks":{"collection-1":{"type":"collection","settings":{"collection":"","title":"","image":"","link":""}},"collection-2":{"type":"collection","settings":{"collection":"","title":"","image":"","link":""}},"collection-3":{"type":"collection","settings":{"collection":"","title":"","image":"","link":""}},"collection-4":{"type":"collection","settings":{"collection":"","title":"","image":"","link":""}},"collection-5":{"type":"collection","settings":{"collection":"","title":"","image":"","link":""}},"collection-6":{"type":"collection","settings":{"collection":"","title":"","image":"","link":""}},"collection-7":{"type":"collection","settings":{"collection":"","title":"","image":"","link":""}},"collection-8":{"type":"collection","settings":{"collection":"","title":"","image":"","link":""}},"collection-9":{"type":"collection","settings":{"collection":"","title":"","image":"","link":""}},"collection-10":{"type":"collection","settings":{"collection":"","title":"","image":"","link":""}},"collection-11":{"type":"collection","settings":{"collection":"","title":"","image":"","link":""}},"collection-12":{"type":"collection","settings":{"collection":"","title":"","image":"","link":""}}},"block_order":["collection-1","collection-2","collection-3","collection-4","collection-5","collection-6","collection-7","collection-8","collection-9","collection-10","collection-11","collection-12"],"settings":{"heading":"Brands","heading_size":"md","subheading":"","link_title":"","link_url":"","headings_alignment":"left","show_title":false,"links_new_window":false,"layout":"grid","move_one_slide":false,"auto_rotate":false,"change_slides_speed":5,"columns":6,"stack_on_mobile":false,"image_ratio":"adapt","content_color_scheme":"","color_scheme":"background-1","spacing_mode":"desktop","spacing_top":90,"spacing_bottom":90,"spacing_top_mobile":72,"spacing_bottom_mobile":72,"heading_tag":"h2","show_on_desktop":true,"show_on_mobile":true,"hide_if_empty":false}},"map":{"type":"map","blocks":{"location-1":{"type":"location","settings":{"address":"Manchester, UK","title":"Manchester","address_label":"<p>42 Ravensworth str, <br\/>Withington, Manchester<br\/>N20 3DE<\/p><p><strong>(555) 555-5555<\/strong><\/p>","address_info_window":""}},"location-2":{"type":"location","settings":{"address":"London","title":"London","address_label":"<p>15 Eversly str, <br\/>Kensington, <br\/>London, Y8 4PY<\/p><p><strong>(555) 555-5555<\/strong><\/p>","address_info_window":""}}},"block_order":["location-1","location-2"],"settings":{"heading":"Our Stores","heading_size":"md","subheading":"","image":"","image_link":"","google_maps_api_key":"","zoom":10,"map_layout":"slider","map_locations_placement":"bottom","map_position":"right","custom_colors_enabled":false,"foreground_color":"#cccccc","background_color":"#121212","marker_image":"","color_scheme":"background-2","spacing_mode":"desktop","spacing_top":90,"spacing_bottom":90,"spacing_top_mobile":72,"spacing_bottom_mobile":72,"heading_tag":"h2","show_on_desktop":true,"show_on_mobile":true,"hide_if_empty":false}},"blog-posts":{"type":"blog-posts","settings":{"heading":"Guides","heading_size":"md","subheading":"","headings_alignment":"left","link_title":"More guides","link_url":"","blog":"","posts_to_show":4,"show_date":true,"show_author":false,"columns":"4","card_type":"card","image_ratio":"adapt","stack_on_mobile":false,"content_color_scheme":"","color_scheme":"background-1","spacing_mode":"desktop","spacing_top":90,"spacing_bottom":90,"spacing_top_mobile":72,"spacing_bottom_mobile":72,"heading_tag":"h2","show_on_desktop":true,"show_on_mobile":true,"hide_if_empty":false}},"rich-text":{"type":"rich-text","blocks":{"heading":{"type":"heading","settings":{"heading":"Talk about your brand","heading_size":"md","block_heading_tag":"h2"}},"text":{"type":"text","settings":{"text":"<p>Maranello includes a versatile long-form rich text section, designed with SEO in mind. By utilizing the expandable text feature, you can effectively present valuable information to your visitors without overwhelming them. Users can simply click the \"Read More\" button to access the complete content. This approach not only improves user experience but also allows you to integrate essential keywords and maintain a clean, well-structured website, positively impacting your search engine rankings.<\/p><p>Incorporating long-form content into your website has been proven to boost its SEO value. Search engines like Google often favor websites with in-depth, relevant, and high-quality content. With this expandable text feature, you have the flexibility to create comprehensive, keyword-rich content that directly addresses your target audience's needs and concerns. As your content becomes more discoverable, your website's credibility and authority within your niche will grow, driving more organic traffic and potential customers to your online store.<br\/><br\/>Moreover, this expandable text feature enables you to maintain a visually appealing and easy-to-navigate website. While long-form content is valuable for SEO, it can sometimes hinder user experience if not presented effectively. The option to collapse and expand sections ensures that your site remains user-friendly, organized, and uncluttered. As a result, visitors can quickly find the information they are looking for without being overwhelmed by excessive text. By combining these user experience enhancements with the SEO benefits of long-form content, this feature is a valuable asset for your Shopify store's overall success.<\/p>","text_size":"md"}}},"block_order":["heading","text"],"settings":{"image":"","overlay_background":"","narrow":false,"alignment":"left","limit_height":true,"color_scheme":"background-1","spacing_mode":"desktop","spacing_top":90,"spacing_bottom":90,"spacing_top_mobile":72,"spacing_bottom_mobile":72,"show_on_desktop":true,"show_on_mobile":true,"hide_if_empty":false}}},"order":["slideshow","features","filters","featured-collections","banner-list","featured-collection","vertical-filters","tabbed-collection-lists","collection-list","video-modal","multicolumn","tabbed-product-lists","product-comparison","brands","map","blog-posts","rich-text"]}