{
  "sections": {
    "main-list-collections": {
      "type": "main-list-collections",
      "blocks": {
        "collection-1": {
          "type": "collection",
          "settings": {
            "collection": ""
          }
        },
        "collection-2": {
          "type": "collection",
          "settings": {
            "collection": ""
          }
        },
        "collection-3": {
          "type": "collection",
          "settings": {
            "collection": ""
          }
        },
        "collection-4": {
          "type": "collection",
          "settings": {
            "collection": ""
          }
        },
        "collection-5": {
          "type": "collection",
          "settings": {
            "collection": ""
          }
        },
        "collection-6": {
          "type": "collection",
          "settings": {
            "collection": ""
          }
        },
        "collection-7": {
          "type": "collection",
          "settings": {
            "collection": ""
          }
        },
        "collection-8": {
          "type": "collection",
          "settings": {
            "collection": ""
          }
        },
        "collection-9": {
          "type": "collection",
          "settings": {
            "collection": ""
          }
        },
        "collection-10": {
          "type": "collection",
          "settings": {
            "collection": ""
          }
        },
        "collection-11": {
          "type": "collection",
          "settings": {
            "collection": ""
          }
        },
        "collection-12": {
          "type": "collection",
          "settings": {
            "collection": ""
          }
        },
        "collection-13": {
          "type": "collection",
          "settings": {
            "collection": ""
          }
        },
        "collection-14": {
          "type": "collection",
          "settings": {
            "collection": ""
          }
        },
        "collection-15": {
          "type": "collection",
          "settings": {
            "collection": ""
          }
        },
        "collection-16": {
          "type": "collection",
          "settings": {
            "collection": ""
          }
        },
        "collection-17": {
          "type": "collection",
          "settings": {
            "collection": ""
          }
        },
        "collection-18": {
          "type": "collection",
          "settings": {
            "collection": ""
          }
        },
        "collection-19": {
          "type": "collection",
          "settings": {
            "collection": ""
          }
        },
        "collection-20": {
          "type": "collection",
          "settings": {
            "collection": ""
          }
        },
        "collection-21": {
          "type": "collection",
          "settings": {
            "collection": ""
          }
        },
        "collection-22": {
          "type": "collection",
          "settings": {
            "collection": ""
          }
        },
        "collection-23": {
          "type": "collection",
          "settings": {
            "collection": ""
          }
        },
        "collection-24": {
          "type": "collection",
          "settings": {
            "collection": ""
          }
        }
      },
      "block_order": [
        "collection-1",
        "collection-2",
        "collection-3",
        "collection-4",
        "collection-5",
        "collection-6",
        "collection-7",
        "collection-8",
        "collection-9",
        "collection-10",
        "collection-11",
        "collection-12",
        "collection-13",
        "collection-14",
        "collection-15",
        "collection-16",
        "collection-17",
        "collection-18",
        "collection-19",
        "collection-20",
        "collection-21",
        "collection-22",
        "collection-23",
        "collection-24"
      ],
      "settings": {
        "title": "",
        "columns": 3,
        "collections_per_page": 30,
        "show_collections": "selected",
        "sort": "alphabetical",
        "image_ratio": "adapt",
        "show_title": true,
        "enable_border": true,
        "content_color_scheme": "background-2",
        "spacing_mode": "desktop",
        "spacing_top": 60,
        "spacing_bottom": 60,
        "spacing_top_mobile": 48,
        "spacing_bottom_mobile": 48
      }
    }
  },
  "order": [
    "main-list-collections"
  ]
}
