{
  "sections": {
    "call-to-action": {
      "type": "call-to-action",
      "settings": {
        "full_width": true,
        "height": 400,
        "background_image": "",
        "overlay_background": "linear-gradient(180deg, rgba(0, 0, 0, 0), rgba(0, 0, 0, 0.8) 100%)",
        "heading": "",
        "heading_size": "lg",
        "text": "",
        "button_label": "",
        "link": "",
        "box_align": "bottom-left",
        "content_width": 50,
        "mobile_height": 300,
        "mobile_heading_size": "md",
        "mobile_box_align": "bottom-left",
        "color_scheme": "accent-2",
        "spacing_top": 0,
        "spacing_bottom": 90,
        "mobile_background_image": "",
        "spacing_mode": "desktop",
        "spacing_top_mobile": 72,
        "spacing_bottom_mobile": 72,
        "heading_tag": "h2",
        "show_on_desktop": true,
        "show_on_mobile": true,
        "hide_if_empty": false
      }
    },
    "main-page": {
      "type": "main-page",
      "settings": {
        "hide_heading": false,
        "spacing_mode": "desktop",
        "spacing_top": 60,
        "spacing_bottom": 60,
        "spacing_top_mobile": 48,
        "spacing_bottom_mobile": 48
      }
    }
  },
  "order": [
    "call-to-action",
    "main-page"
  ]
}
