{
  "sections": {
    "main-page-fullwidth": {
      "type": "main-page-fullwidth",
      "disabled": true,
      "settings": {
        "hide_heading": false,
        "spacing_mode": "desktop",
        "spacing_top": 60,
        "spacing_bottom": 60,
        "spacing_top_mobile": 48,
        "spacing_bottom_mobile": 48
      }
    },
    "call-to-action": {
      "type": "call-to-action",
      "settings": {
        "full_width": true,
        "height": 400,
        "background_image": "",
        "overlay_background": "linear-gradient(180deg, rgba(0, 0, 0, 0), rgba(0, 0, 0, 0.8) 100%)",
        "heading": "Your questions, answered.",
        "heading_size": "lg",
        "text": "",
        "button_label": "",
        "link": "",
        "box_align": "bottom-left",
        "content_width": 50,
        "mobile_height": 300,
        "mobile_background_image": "",
        "mobile_heading_size": "lg",
        "mobile_box_align": "bottom-left",
        "color_scheme": "accent-2",
        "spacing_top": 0,
        "spacing_bottom": 90,
        "spacing_mode": "desktop",
        "spacing_top_mobile": 72,
        "spacing_bottom_mobile": 72,
        "heading_tag": "h2",
        "show_on_desktop": true,
        "show_on_mobile": true,
        "hide_if_empty": false
      }
    },
    "expandable-1": {
      "type": "expandable",
      "blocks": {
        "expandable-1": {
          "type": "expandable",
          "settings": {
            "heading": "What types of tires do you offer?",
            "icon": "document",
            "text": "<p>We offer a wide range of tires for cars, trucks, SUVs, and other vehicles. Our selection includes all-season tires, winter tires, performance tires, and more.</p>",
            "expanded": true,
            "custom_icon": "",
            "page": ""
          }
        },
        "expandable-2": {
          "type": "expandable",
          "settings": {
            "heading": "Can I see the tires before I buy them?",
            "icon": "document",
            "text": "<p>Use this area to provide additional textual information about this expandable block.</p>",
            "expanded": false,
            "custom_icon": "",
            "page": ""
          }
        },
        "expandable-3": {
          "type": "expandable",
          "settings": {
            "heading": "How do I know which tires are right for my vehicle?",
            "icon": "document",
            "text": "<p>Use this area to provide additional textual information about this expandable block.</p>",
            "expanded": false,
            "custom_icon": "",
            "page": ""
          }
        }
      },
      "block_order": [
        "expandable-1",
        "expandable-2",
        "expandable-3"
      ],
      "settings": {
        "narrow": true,
        "heading": "Tires and wheels",
        "color_scheme": "background-1",
        "spacing_top": 90,
        "spacing_bottom": 60,
        "heading_size": "md",
        "subheading": "",
        "heading_alignment": "left",
        "spacing_mode": "desktop",
        "spacing_top_mobile": 72,
        "spacing_bottom_mobile": 72,
        "heading_tag": "h2",
        "show_on_desktop": true,
        "show_on_mobile": true,
        "hide_if_empty": false
      }
    },
    "expandable-2": {
      "type": "expandable",
      "blocks": {
        "expandable-1": {
          "type": "expandable",
          "settings": {
            "heading": "Can I return or exchange a tire if I'm not satisfied?",
            "icon": "document",
            "text": "<p>Use this area to provide additional textual information about this expandable block.</p>",
            "expanded": false,
            "custom_icon": "",
            "page": ""
          }
        },
        "expandable-2": {
          "type": "expandable",
          "settings": {
            "heading": "How do I schedule a tire installation?",
            "icon": "document",
            "text": "<p>Use this area to provide additional textual information about this expandable block.</p>",
            "expanded": false,
            "custom_icon": "",
            "page": ""
          }
        },
        "expandable-3": {
          "type": "expandable",
          "settings": {
            "heading": "Do you offer financing for tires?",
            "icon": "document",
            "text": "<p>Use this area to provide additional textual information about this expandable block.</p>",
            "expanded": false,
            "custom_icon": "",
            "page": ""
          }
        },
        "expandable-4": {
          "type": "expandable",
          "settings": {
            "heading": "How do I check the status of my order?",
            "icon": "document",
            "text": "<p>Use this area to provide additional textual information about this expandable block.</p>",
            "expanded": false,
            "custom_icon": "",
            "page": ""
          }
        }
      },
      "block_order": [
        "expandable-1",
        "expandable-2",
        "expandable-3",
        "expandable-4"
      ],
      "settings": {
        "narrow": true,
        "heading": "Shipping & returns information",
        "color_scheme": "background-1",
        "spacing_top": 60,
        "spacing_bottom": 90,
        "heading_size": "md",
        "subheading": "",
        "heading_alignment": "left",
        "spacing_mode": "desktop",
        "spacing_top_mobile": 72,
        "spacing_bottom_mobile": 72,
        "heading_tag": "h2",
        "show_on_desktop": true,
        "show_on_mobile": true,
        "hide_if_empty": false
      }
    }
  },
  "order": [
    "main-page-fullwidth",
    "call-to-action",
    "expandable-1",
    "expandable-2"
  ]
}
