{"sections":{"main-page-fullwidth":{"type":"main-page-fullwidth","disabled":true,"settings":{"hide_heading":false,"spacing_mode":"desktop","spacing_top":60,"spacing_bottom":60,"spacing_top_mobile":48,"spacing_bottom_mobile":48}},"slideshow":{"type":"slideshow","blocks":{"slide":{"type":"slide","settings":{"image":"","overlay_background":"linear-gradient(180deg, rgba(0, 0, 0, 0), rgba(0, 0, 0, 0.8) 100%)","heading":"Tires","heading_size":"xl","subheading":"<p>Whether you're looking for all-season tires for everyday driving or high-performance tires for the track, you'll find what you're looking for in our tires category.<\/p>","text_color":"#ffffff","box_align":"bottom-left","content_width":50,"button_label":"","button_type_link":false,"button_color_scheme":"button-primary","link":"","secondary_button_label":"","secondary_button_type_link":false,"secondary_button_color_scheme":"button-secondary","secondary_link":"","badge_overlay_line_1_text":"","badge_overlay_line_1_font_size":"md","badge_overlay_line_2_text":"","badge_overlay_line_2_font_size":"xl","badge_overlay_line_3_text":"","badge_overlay_line_3_font_size":"md","badge_overlay_position":"left","badge_overlay_colors_text":"#fff","badge_overlay_colors_background":"#CE333C","enable_video_mobile":false,"mobile_image":"","mobile_heading_size":"md","mobile_box_align":"bottom-left"}}},"block_order":["slide"],"settings":{"auto_rotate":false,"change_slides_speed":5,"show_progress_bar_desktop":false,"animation_type":"slide","navigation_type_desktop":"dots","full_width":true,"slide_height":"small","accessibility_info":"","color_scheme":"background-1","spacing_mode":"desktop","spacing_top":0,"spacing_bottom":90,"spacing_top_mobile":72,"spacing_bottom_mobile":72,"heading_tag":"h2","show_on_desktop":true,"show_on_mobile":true,"hide_if_empty":false}},"featured-collection-1":{"type":"featured-collection","settings":{"collection":"","products_to_show":7,"products":[],"heading":"All-season tires","heading_size":"md","subheading":"","link_title":"Show more","link_url":"","headings_alignment":"left","show_vendor":true,"show_sku":false,"show_stock":true,"show_rating":true,"show_collection":true,"collection_position":"end","card_type":"overlay","collection_image":"","collection_overlay_background":"linear-gradient(180deg, rgba(0, 0, 0, 0), rgba(0, 0, 0, 0.8) 100%)","collection_color_scheme":"background-2","collection_title":"","collection_description":"","collection_button_text":"Shop now","collection_button_type_link":false,"layout":"grid","columns":"4","stack_on_mobile":false,"mobile_columns":"1","products_position":"right","show_countdown":false,"expiration_date":"","sticky_countdown":false,"hide_on_expiry":false,"expiration_collection_description":"","expiration_message":"","color_scheme":"background-1","spacing_mode":"desktop","spacing_top":90,"spacing_bottom":90,"spacing_top_mobile":72,"spacing_bottom_mobile":72,"heading_tag":"h2","show_on_desktop":true,"show_on_mobile":true,"hide_placeholders":false}},"banner-list":{"type":"banner-list","blocks":{"banner":{"type":"banner","settings":{"image":"","video_url":"","overlay_background":"linear-gradient(180deg, rgba(0, 0, 0, 0), rgba(0, 0, 0, 0.8) 100%)","title":"Need help?","heading_size":"lg","description":"<p>We provide personalized car tuning advice to enhance your driving experience.<\/p>","text_color":"#ffffff","button_text":"Contact us","button_link":"","button_type_link":false,"button_color_scheme":"button-primary","box_align":"bottom-left","badge_overlay_line_1_text":"","badge_overlay_line_1_font_size":"md","badge_overlay_line_2_text":"","badge_overlay_line_2_font_size":"xl","badge_overlay_line_3_text":"","badge_overlay_line_3_font_size":"md","badge_overlay_position":"left","badge_overlay_colors_text":"#fff","badge_overlay_colors_background":"#CE333C","mobile_image":"","mobile_heading_size":"lg","mobile_box_align":"bottom-left"}}},"block_order":["banner"],"settings":{"heading":"","heading_size":"md","subheading":"","link_title":"","link_url":"","headings_alignment":"left","card_ratio":"adapt","show_title":true,"show_description":true,"show_button":true,"card_clickable_desktop":false,"links_new_window":false,"layout":"media_compact","columns":3,"stack_on_mobile":false,"color_scheme":"background-1","spacing_mode":"desktop","spacing_top":90,"spacing_bottom":90,"spacing_top_mobile":72,"spacing_bottom_mobile":72,"heading_tag":"h2","show_on_desktop":true,"show_on_mobile":true,"hide_if_empty":false}},"featured-collection-2":{"type":"featured-collection","settings":{"collection":"","products_to_show":9,"products":[],"heading":"Summer tires","heading_size":"md","subheading":"","link_title":"Show more","link_url":"","headings_alignment":"left","show_vendor":true,"show_sku":false,"show_stock":true,"show_rating":true,"show_collection":true,"collection_position":"end","card_type":"overlay","collection_image":"","collection_overlay_background":"linear-gradient(180deg, rgba(0, 0, 0, 0), rgba(0, 0, 0, 0.8) 100%)","collection_color_scheme":"background-2","collection_title":"","collection_description":"","collection_button_text":"Shop now","collection_button_type_link":false,"layout":"grid","columns":"5","stack_on_mobile":false,"mobile_columns":"1","products_position":"right","show_countdown":false,"expiration_date":"","sticky_countdown":false,"hide_on_expiry":false,"expiration_collection_description":"","expiration_message":"","color_scheme":"background-1","spacing_mode":"desktop","spacing_top":90,"spacing_bottom":90,"spacing_top_mobile":72,"spacing_bottom_mobile":72,"heading_tag":"h2","show_on_desktop":true,"show_on_mobile":true,"hide_placeholders":false}},"featured-collection-3":{"type":"featured-collection","settings":{"collection":"","products_to_show":9,"products":[],"heading":"Winter tires","heading_size":"md","subheading":"","link_title":"Show more","link_url":"","headings_alignment":"left","show_vendor":true,"show_sku":false,"show_stock":true,"show_rating":true,"show_collection":false,"collection_position":"end","card_type":"overlay","collection_image":"","collection_overlay_background":"linear-gradient(180deg, rgba(0, 0, 0, 0), rgba(0, 0, 0, 0.8) 100%)","collection_color_scheme":"background-2","collection_title":"","collection_description":"","collection_button_text":"","collection_button_type_link":false,"layout":"media","columns":"5","stack_on_mobile":false,"mobile_columns":"1","products_position":"right","show_countdown":false,"expiration_date":"","sticky_countdown":false,"hide_on_expiry":false,"expiration_collection_description":"","expiration_message":"","color_scheme":"background-1","spacing_mode":"desktop","spacing_top":90,"spacing_bottom":90,"spacing_top_mobile":72,"spacing_bottom_mobile":72,"heading_tag":"h2","show_on_desktop":true,"show_on_mobile":true,"hide_placeholders":false}}},"order":["main-page-fullwidth","slideshow","featured-collection-1","banner-list","featured-collection-2","featured-collection-3"]}