{
  "sections": {
    "main-page-brands": {
      "type": "main-page-brands",
      "blocks": {
        "brand-1": {
          "type": "brand",
          "settings": {
            "collection": ""
          }
        },
        "brand-2": {
          "type": "brand",
          "settings": {
            "collection": ""
          }
        },
        "brand-3": {
          "type": "brand",
          "settings": {
            "collection": ""
          }
        },
        "brand-4": {
          "type": "brand",
          "settings": {
            "collection": ""
          }
        },
        "brand-5": {
          "type": "brand",
          "settings": {
            "collection": ""
          }
        },
        "brand-6": {
          "type": "brand",
          "settings": {
            "collection": ""
          }
        },
        "brand-7": {
          "type": "brand",
          "settings": {
            "collection": ""
          }
        },
        "brand-8": {
          "type": "brand",
          "settings": {
            "collection": ""
          }
        },
        "brand-9": {
          "type": "brand",
          "settings": {
            "collection": ""
          }
        },
        "brand-10": {
          "type": "brand",
          "settings": {
            "collection": ""
          }
        },
        "brand-11": {
          "type": "brand",
          "settings": {
            "collection": ""
          }
        },
        "brand-12": {
          "type": "brand",
          "settings": {
            "collection": ""
          }
        }
      },
      "block_order": [
        "brand-1",
        "brand-2",
        "brand-3",
        "brand-4",
        "brand-5",
        "brand-6",
        "brand-7",
        "brand-8",
        "brand-9",
        "brand-10",
        "brand-11",
        "brand-12"
      ],
      "settings": {
        "hide_heading": false,
        "columns": 4,
        "image_ratio": "adapt",
        "show_title": false,
        "content_color_scheme": "background-2",
        "spacing_mode": "desktop",
        "spacing_top": 60,
        "spacing_bottom": 60,
        "spacing_top_mobile": 48,
        "spacing_bottom_mobile": 48
      }
    }
  },
  "order": [
    "main-page-brands"
  ]
}
