{
  "sections": {
    "main-page": {
      "type": "main-page",
      "settings": {
        "hide_heading": false,
        "spacing_mode": "desktop",
        "spacing_top": 60,
        "spacing_bottom": 60,
        "spacing_top_mobile": 48,
        "spacing_bottom_mobile": 48
      }
    },
    "contact-form": {
      "type": "contact-form",
      "settings": {
        "title": "Contact form",
        "spacing_mode": "desktop",
        "spacing_top": 60,
        "spacing_bottom": 60,
        "spacing_top_mobile": 48,
        "spacing_bottom_mobile": 48
      }
    }
  },
  "order": [
    "main-page",
    "contact-form"
  ]
}
