{
  "sections": {
    "main-product": {
      "type": "main-product",
      "blocks": {
        "title": {
          "type": "title",
          "settings": {
            "show_vendor": true,
            "show_stock": true,
            "show_sku": true,
            "show_barcode": false,
            "barcode_label": "Barcode",
            "show_rating": true,
            "hide_empty_star_rating": false,
            "show_custom_badges": false,
            "show_bottom_divider": false
          }
        },
        "text": {
          "type": "text",
          "settings": {
            "text": "{{ product.metafields.descriptors.subtitle.value }}",
            "icon": "",
            "text_2": "",
            "icon_2": "",
            "text_3": "",
            "icon_3": "",
            "text_4": "",
            "icon_4": "",
            "color_scheme": "none",
            "position": "info",
            "custom_icon": "",
            "custom_icon_2": "",
            "custom_icon_3": "",
            "custom_icon_4": "",
            "show_bottom_divider": false
          }
        },
        "price": {
          "type": "price",
          "settings": {
            "show_bottom_divider": false
          }
        },
        "variants": {
          "type": "variants",
          "settings": {
            "picker_type": "button",
            "picker_color_scheme": "button-secondary",
            "hide_single_variant": false,
            "out_of_stock_variants": "show",
            "picker_equal_width": false,
            "picker_size": "normal",
            "picker_shape": "inherit",
            "show_bottom_divider": false
          }
        },
        "buy_buttons": {
          "type": "buy_buttons",
          "settings": {
            "show_quantity": true,
            "show_add_to_cart": true,
            "show_buy_now": true,
            "show_gift_card_recipient": false,
            "show_bottom_divider": false
          }
        },
        "availability": {
          "type": "availability",
          "settings": {
            "position": "info",
            "show_bottom_divider": false
          }
        },
        "details": {
          "type": "details",
          "settings": {
            "title": "Product details",
            "icon": "clipboard",
            "show_type": false,
            "show_vendor": false,
            "show_sku": true,
            "show_barcode": true,
            "barcode_label": "Barcode",
            "metafields": "",
            "custom_icon": "",
            "position": "details",
            "values_alignment": "right",
            "text": "",
            "text_position": "after",
            "show_bottom_divider": false
          }
        },
        "extra": {
          "type": "extra",
          "settings": {
            "text": "<p>Do you have questions about this product?</p><p><a href=\"#\" title=\"Contact us\">Ask an expert!</a></p>",
            "show_facebook": true,
            "show_twitter": true,
            "show_linkedin": true,
            "position": "details",
            "show_bottom_divider": false
          }
        },
        "description": {
          "type": "description",
          "settings": {
            "title": "Description",
            "icon": "info",
            "custom_icon": ""
          }
        },
        "tab": {
          "type": "tab",
          "settings": {
            "title": "Shipping information",
            "icon": "truck",
            "text": "<p>We appreciate your business and are committed to providing you with exceptional service and timely delivery. Please review the shipping information below for your order.<br/><br/><strong>Order Processing Time:</strong><br/><br/>Orders are usually processed within 24-48 hours after the order has been placed.<br/>Custom or special order items may take longer to process, typically 3-5 business days.</p><p><strong>Shipping Methods:</strong><br/><br/>Standard Shipping (3-7 business days)<br/>Expedited Shipping (2-3 business days)<br/>Express Shipping (1-2 business days)</p><p><strong>Packaging:</strong><br/><br/>Rest assured that all items will be securely and safely packaged to prevent any damage during transit. Fragile or high-value parts will be packaged with additional protective materials, such as bubble wrap or foam padding.</p><p><strong>Shipping Rates:</strong><br/><br/>Shipping rates vary based on the size, weight, and destination of the package. You can view the estimated shipping costs for your order during the checkout process before placing your order.</p><p><strong>Order Tracking:</strong><br/><br/>Once your order has been shipped, you will receive an email with the tracking number and carrier information. You can also track your order status by logging into your account.</p><p><strong>International Shipping:</strong><br/><br/>We ship worldwide! Please note that international shipping rates and delivery times may vary based on destination. Customers are responsible for any customs fees, import taxes, or additional charges that may apply.</p>",
            "custom_icon": "",
            "page": ""
          }
        },
        "reviews": {
          "type": "reviews",
          "settings": {
            "show_count": true
          }
        }
      },
      "block_order": [
        "title",
        "text",
        "price",
        "variants",
        "buy_buttons",
        "availability",
        "details",
        "extra",
        "description",
        "tab",
        "reviews"
      ],
      "settings": {
        "hide_variants": false,
        "image_zoom_type": "lightbox",
        "image_ratio": "adapt",
        "image_disclaimer": "",
        "spacing_top": 90,
        "spacing_bottom": 90,
        "default_layout": "three_columns",
        "arrow_navigation": false,
        "spacing_mode": "desktop",
        "spacing_top_mobile": 48,
        "spacing_bottom_mobile": 48
      }
    },
    "expandable": {
      "type": "expandable",
      "blocks": {
        "expandable-1": {
          "type": "expandable",
          "settings": {
            "heading": "How do pre-orders work?",
            "icon": "info",
            "text": "<p>Pre-orders allow you to reserve a product before it is officially available. By placing a preorder, you guarantee that you will receive the product as soon as it is in stock. We will notify you via email with updates on your order status and shipping information.</p>",
            "expanded": true,
            "custom_icon": "",
            "page": ""
          }
        },
        "expandable-2": {
          "type": "expandable",
          "settings": {
            "heading": "When will my pre-order ship?",
            "icon": "truck",
            "text": "<p>Preordered items are expected to ship within <strong>2-4 weeks</strong> of placing your order. We will do our best to keep you updated on the exact shipping date and notify you as soon as your product has been dispatched.</p>",
            "expanded": false,
            "custom_icon": "",
            "page": ""
          }
        },
        "expandable-3": {
          "type": "expandable",
          "settings": {
            "heading": "Can I cancel or change my preorder?",
            "icon": "returns",
            "text": "<p>Yes, you can cancel or modify your pre-order as long as it has not yet been processed for shipment. Please <a href=\"#\" title=\"Contact us\">contact our customer service team</a> at to make changes to your order.</p>",
            "expanded": false,
            "custom_icon": "",
            "page": ""
          }
        },
        "expandable-4": {
          "type": "expandable",
          "settings": {
            "heading": "Will I be charged immediately for my preorder?",
            "icon": "credit-card",
            "text": "<p>Yes, payment is processed at the time of placing your preorder to secure your product. This ensures that your item is reserved and will be shipped to you as soon as it becomes available.</p>",
            "expanded": false,
            "custom_icon": "",
            "page": ""
          }
        }
      },
      "block_order": [
        "expandable-1",
        "expandable-2",
        "expandable-3",
        "expandable-4"
      ],
      "settings": {
        "narrow": false,
        "heading": "Frequently Asked Questions",
        "subheading": "",
        "heading_alignment": "left",
        "color_scheme": "background-1",
        "spacing_top": 90,
        "spacing_bottom": 90,
        "heading_size": "md",
        "spacing_mode": "desktop",
        "spacing_top_mobile": 72,
        "spacing_bottom_mobile": 72,
        "heading_tag": "h2",
        "show_on_desktop": true,
        "show_on_mobile": true,
        "hide_if_empty": false
      }
    },
    "product-recommendations": {
      "type": "product-recommendations",
      "settings": {
        "show": true,
        "title": "Related products",
        "count": "4",
        "mobile_columns": "1",
        "show_vendor": true,
        "show_stock": true,
        "show_rating": false,
        "color_scheme": "background-1",
        "spacing_top": 90,
        "spacing_bottom": 90,
        "heading_size": "md",
        "subtitle": "",
        "headings_alignment": "left",
        "show_sku": false,
        "spacing_mode": "desktop",
        "spacing_top_mobile": 72,
        "spacing_bottom_mobile": 72,
        "heading_tag": "h2"
      }
    },
    "recently-viewed-products": {
      "type": "recently-viewed-products",
      "settings": {
        "heading": "Recently viewed",
        "subheading": "",
        "products_to_show": 5,
        "show_vendor": true,
        "show_stock": true,
        "show_rating": true,
        "layout": "grid",
        "columns": "5",
        "mobile_columns": "1",
        "stack_on_mobile": false,
        "color_scheme": "background-1",
        "spacing_top": 90,
        "spacing_bottom": 90,
        "heading_size": "md",
        "headings_alignment": "left",
        "show_sku": false,
        "spacing_mode": "desktop",
        "spacing_top_mobile": 72,
        "spacing_bottom_mobile": 72,
        "heading_tag": "h2",
        "show_on_desktop": true,
        "show_on_mobile": true
      }
    }
  },
  "order": [
    "main-product",
    "expandable",
    "product-recommendations",
    "recently-viewed-products"
  ]
}
