{
  "sections": {
    "main-product": {
      "type": "main-product",
      "blocks": {
        "title": {
          "type": "title",
          "settings": {
            "show_vendor": true,
            "show_stock": true,
            "show_sku": true,
            "show_barcode": false,
            "barcode_label": "Barcode",
            "show_rating": false,
            "hide_empty_star_rating": false,
            "show_custom_badges": false,
            "show_bottom_divider": false
          }
        },
        "text": {
          "type": "text",
          "settings": {
            "text": "{{ product.metafields.descriptors.subtitle.value }}",
            "icon": "",
            "text_2": "",
            "icon_2": "",
            "text_3": "",
            "icon_3": "",
            "text_4": "",
            "icon_4": "",
            "color_scheme": "none",
            "position": "info",
            "custom_icon": "",
            "custom_icon_2": "",
            "custom_icon_3": "",
            "custom_icon_4": "",
            "show_bottom_divider": false
          }
        },
        "price": {
          "type": "price",
          "settings": {
            "show_bottom_divider": false
          }
        },
        "variants": {
          "type": "variants",
          "settings": {
            "picker_type": "button",
            "hide_single_variant": false,
            "out_of_stock_variants": "show",
            "picker_equal_width": false,
            "picker_size": "normal",
            "picker_shape": "inherit",
            "picker_color_scheme": "button-secondary",
            "show_bottom_divider": false
          }
        },
        "buy_buttons": {
          "type": "buy_buttons",
          "settings": {
            "show_quantity": true,
            "show_add_to_cart": true,
            "show_buy_now": true,
            "show_gift_card_recipient": false,
            "show_bottom_divider": false
          }
        },
        "availability": {
          "type": "availability",
          "settings": {
            "position": "info",
            "show_bottom_divider": false
          }
        },
        "details-1": {
          "type": "details",
          "settings": {
            "title": "Product details",
            "icon": "clipboard",
            "show_type": false,
            "show_vendor": false,
            "show_sku": true,
            "show_barcode": true,
            "barcode_label": "Barcode",
            "metafields": "Width: custom.width\nProfile: custom.profile\nRim Size: custom.rim_size",
            "custom_icon": "",
            "position": "details",
            "values_alignment": "right",
            "text": "",
            "text_position": "after",
            "show_bottom_divider": false
          }
        },
        "details-2": {
          "type": "details",
          "settings": {
            "title": "Documents",
            "icon": "clipboard",
            "show_type": false,
            "show_vendor": false,
            "show_sku": false,
            "show_barcode": false,
            "barcode_label": "",
            "metafields": "User manual: custom.user_manual\nSafety instructions: custom.safety_instructions",
            "custom_icon": "",
            "position": "details",
            "values_alignment": "right",
            "text": "",
            "text_position": "after",
            "show_bottom_divider": false
          }
        },
        "extra": {
          "type": "extra",
          "settings": {
            "text": "<p>Use this text to encourage <strong>communication</strong> or promote <strong>sharing</strong> on social networks.</p><p><a href=\"#\">You can also add links</a></p>",
            "show_facebook": true,
            "show_twitter": true,
            "show_linkedin": true,
            "position": "details",
            "show_bottom_divider": false
          }
        },
        "description": {
          "type": "description",
          "settings": {
            "title": "Description",
            "icon": "info",
            "custom_icon": ""
          }
        }
      },
      "block_order": [
        "title",
        "text",
        "price",
        "variants",
        "buy_buttons",
        "availability",
        "details-1",
        "details-2",
        "extra",
        "description"
      ],
      "settings": {
        "hide_variants": false,
        "spacing_top": 90,
        "spacing_bottom": 90,
        "default_layout": "three_columns",
        "arrow_navigation": false,
        "image_zoom_type": "lightbox",
        "image_ratio": "adapt",
        "image_disclaimer": "",
        "spacing_mode": "desktop",
        "spacing_top_mobile": 48,
        "spacing_bottom_mobile": 48
      }
    },
    "product-recommendations": {
      "type": "product-recommendations",
      "settings": {
        "show": true,
        "title": "Related products",
        "count": "4",
        "show_vendor": true,
        "show_stock": true,
        "show_rating": false,
        "color_scheme": "background-1",
        "spacing_top": 90,
        "spacing_bottom": 90,
        "heading_size": "md",
        "subtitle": "",
        "headings_alignment": "left",
        "mobile_columns": "1",
        "show_sku": false,
        "spacing_mode": "desktop",
        "spacing_top_mobile": 72,
        "spacing_bottom_mobile": 72,
        "heading_tag": "h2"
      }
    }
  },
  "order": [
    "main-product",
    "product-recommendations"
  ]
}
