{
  "sections": {
    "main-product": {
      "type": "main-product",
      "blocks": {
        "title": {
          "type": "title",
          "settings": {
            "show_vendor": true,
            "show_stock": true,
            "show_sku": false,
            "show_barcode": false,
            "barcode_label": "Barcode",
            "show_rating": true,
            "hide_empty_star_rating": false,
            "show_custom_badges": false,
            "show_bottom_divider": false
          }
        },
        "text": {
          "type": "text",
          "settings": {
            "text": "Usually ships within 24 hours",
            "icon": "truck",
            "text_2": "",
            "icon_2": "",
            "text_3": "",
            "icon_3": "",
            "text_4": "",
            "icon_4": "",
            "color_scheme": "background-2",
            "position": "info",
            "custom_icon": "",
            "custom_icon_2": "",
            "custom_icon_3": "",
            "custom_icon_4": "",
            "show_bottom_divider": false
          }
        },
        "price": {
          "type": "price",
          "settings": {
            "show_bottom_divider": false
          }
        },
        "variants": {
          "type": "variants",
          "settings": {
            "picker_type": "button",
            "picker_color_scheme": "button-secondary",
            "hide_single_variant": true,
            "out_of_stock_variants": "disable",
            "picker_equal_width": false,
            "picker_size": "normal",
            "picker_shape": "inherit",
            "show_bottom_divider": false
          }
        },
        "buy_buttons": {
          "type": "buy_buttons",
          "settings": {
            "show_quantity": true,
            "show_add_to_cart": true,
            "show_buy_now": true,
            "show_gift_card_recipient": false,
            "show_bottom_divider": false
          }
        },
        "availability": {
          "type": "availability",
          "settings": {
            "position": "info",
            "show_bottom_divider": false
          }
        },
        "details-1": {
          "type": "details",
          "settings": {
            "title": "Product details",
            "icon": "clipboard",
            "show_type": false,
            "show_vendor": true,
            "show_sku": true,
            "show_barcode": true,
            "barcode_label": "Barcode",
            "metafields": "Width: custom.width\nProfile: custom.profile\nRim Size: custom.rim_size\nEngine starts: custom.engine_starts\nGuarantee: custom.guarantee\nBattery type: custom.battery_type\nModel: custom.model\nMake: custom.make",
            "custom_icon": "",
            "position": "details",
            "values_alignment": "right",
            "text": "",
            "text_position": "after",
            "show_bottom_divider": false
          }
        },
        "details-2": {
          "type": "details",
          "settings": {
            "title": "Helpful documents",
            "icon": "paperclip",
            "show_type": false,
            "show_vendor": false,
            "show_sku": false,
            "show_barcode": false,
            "barcode_label": "Barcode",
            "metafields": "User manual: custom.user_manual\nSafety instructions: custom.safety_instructions",
            "custom_icon": "",
            "position": "details",
            "values_alignment": "right",
            "text": "",
            "text_position": "after",
            "show_bottom_divider": false
          }
        },
        "extra": {
          "type": "extra",
          "settings": {
            "text": "<p><strong>Do you have questions about this product?</strong></p><p><a href=\"#\" title=\"Contact us\">Ask an expert!</a></p>",
            "show_facebook": false,
            "show_twitter": false,
            "show_linkedin": false,
            "position": "details",
            "show_bottom_divider": false
          }
        },
        "description": {
          "type": "description",
          "settings": {
            "title": "Description",
            "icon": "info",
            "custom_icon": ""
          }
        },
        "tab": {
          "type": "tab",
          "settings": {
            "title": "Shipping information",
            "icon": "truck",
            "text": "<p>We appreciate your business and are committed to providing you with exceptional service and timely delivery. Please review the shipping information below for your order.<br/><br/><strong>Order Processing Time:</strong><br/><br/>Orders are usually processed within 24-48 hours after the order has been placed.<br/>Custom or special order items may take longer to process, typically 3-5 business days.</p><p><strong>Shipping Methods:</strong><br/><br/>Standard Shipping (3-7 business days)<br/>Expedited Shipping (2-3 business days)<br/>Express Shipping (1-2 business days)</p><p><strong>Packaging:</strong><br/><br/>Rest assured that all items will be securely and safely packaged to prevent any damage during transit. Fragile or high-value parts will be packaged with additional protective materials, such as bubble wrap or foam padding.</p><p><strong>Shipping Rates:</strong><br/><br/>Shipping rates vary based on the size, weight, and destination of the package. You can view the estimated shipping costs for your order during the checkout process before placing your order.</p><p><strong>Order Tracking:</strong><br/><br/>Once your order has been shipped, you will receive an email with the tracking number and carrier information. You can also track your order status by logging into your account.</p><p><strong>International Shipping:</strong><br/><br/>We ship worldwide! Please note that international shipping rates and delivery times may vary based on destination. Customers are responsible for any customs fees, import taxes, or additional charges that may apply.</p>",
            "custom_icon": "",
            "page": ""
          }
        },
        "reviews": {
          "type": "reviews",
          "settings": {
            "show_count": false
          }
        },
        "complementary": {
          "type": "complementary",
          "settings": {
            "title": "Frequently bought together",
            "count": 3,
            "show_vendor": true,
            "show_rating": false,
            "show_add_to_cart": true,
            "show_bottom_divider": false
          }
        }
      },
      "block_order": [
        "title",
        "text",
        "price",
        "variants",
        "buy_buttons",
        "availability",
        "details-1",
        "details-2",
        "extra",
        "description",
        "tab",
        "reviews",
        "complementary"
      ],
      "settings": {
        "hide_variants": false,
        "arrow_navigation": false,
        "image_zoom_type": "lightbox_zoom_hover",
        "image_ratio": "adapt",
        "image_disclaimer": "",
        "spacing_top": 42,
        "spacing_bottom": 90,
        "default_layout": "three_columns",
        "spacing_mode": "desktop",
        "spacing_top_mobile": 48,
        "spacing_bottom_mobile": 48
      }
    },
    "product-recommendations": {
      "type": "product-recommendations",
      "settings": {
        "show": true,
        "title": "Related products",
        "count": "4",
        "mobile_columns": "1",
        "show_vendor": true,
        "show_stock": true,
        "show_rating": true,
        "color_scheme": "background-1",
        "spacing_top": 90,
        "spacing_bottom": 90,
        "heading_size": "md",
        "subtitle": "",
        "headings_alignment": "left",
        "show_sku": false,
        "spacing_mode": "desktop",
        "spacing_top_mobile": 72,
        "spacing_bottom_mobile": 72,
        "heading_tag": "h2"
      }
    },
    "recently-viewed-products": {
      "type": "recently-viewed-products",
      "settings": {
        "heading": "Recently viewed",
        "subheading": "",
        "products_to_show": 5,
        "show_vendor": true,
        "show_stock": true,
        "show_rating": true,
        "layout": "grid",
        "columns": "5",
        "mobile_columns": "1",
        "stack_on_mobile": false,
        "color_scheme": "background-1",
        "spacing_top": 90,
        "spacing_bottom": 90,
        "heading_size": "md",
        "headings_alignment": "left",
        "show_sku": false,
        "spacing_mode": "desktop",
        "spacing_top_mobile": 72,
        "spacing_bottom_mobile": 72,
        "heading_tag": "h2",
        "show_on_desktop": true,
        "show_on_mobile": true
      }
    }
  },
  "order": [
    "main-product",
    "product-recommendations",
    "recently-viewed-products"
  ]
}
