{
  "sections": {
    "main-product-compare": {
      "type": "main-product-compare",
      "blocks": {
        "price": {
          "type": "price",
          "settings": {
            "heading": "Price"
          }
        },
        "vendor": {
          "type": "vendor",
          "settings": {
            "heading": "Vendor"
          }
        },
        "rating": {
          "type": "rating",
          "settings": {
            "heading": "Rating"
          }
        },
        "sku": {
          "type": "sku",
          "settings": {
            "heading": "SKU"
          }
        },
        "stock_availability": {
          "type": "stock_availability",
          "settings": {
            "heading": "Stock availability"
          }
        }
      },
      "block_order": [
        "price",
        "vendor",
        "rating",
        "sku",
        "stock_availability"
      ],
      "settings": {
        "show_headings": true,
        "product_header_image_ratio": "square",
        "product_header_add_to_cart_button": "add_to_cart",
        "product_header_show_quantity": false,
        "spacing_mode": "desktop",
        "spacing_top": 60,
        "spacing_bottom": 60,
        "spacing_top_mobile": 48,
        "spacing_bottom_mobile": 48
      }
    }
  },
  "order": [
    "main-product-compare"
  ]
}
