{
  "name": "t:sections.footer.name",
  "type": "footer",
  "sections": {
    "features": {
      "type": "features",
      "blocks": {
        "feature-1": {
          "type": "feature",
          "settings": {
            "icon": "phone",
            "title": "Expert Help",
            "text": "<p>Expert support so you get exactly what you need.</p>",
            "custom_icon": "",
            "image": ""
          }
        },
        "feature-2": {
          "type": "feature",
          "settings": {
            "icon": "activity",
            "title": "Price Protection",
            "text": "<p>Find a lower price and we’ll match it. Guaranteed!</p>",
            "custom_icon": "",
            "image": ""
          }
        },
        "feature-3": {
          "type": "feature",
          "settings": {
            "icon": "returns",
            "title": "Free Returns",
            "text": "<p>We make it simple to shop, save and return.</p>",
            "custom_icon": "",
            "image": ""
          }
        },
        "feature-4": {
          "type": "feature",
          "settings": {
            "icon": "check",
            "title": "TrustScore 5.0",
            "text": "<p>Over 3000 Trustpilot reviews.</p>",
            "custom_icon": "",
            "image": ""
          }
        }
      },
      "block_order": [
        "feature-1",
        "feature-2",
        "feature-3",
        "feature-4"
      ],
      "settings": {
        "full_width": true,
        "stack_on_mobile": true,
        "auto_rotate": false,
        "size": "large",
        "color_scheme": "accent-1",
        "spacing_top": 24,
        "spacing_bottom": 24,
        "show_on_desktop": true,
        "show_on_mobile": true,
        "hide_if_empty": false,
        "spacing_mode": "desktop",
        "spacing_top_mobile": 32,
        "spacing_bottom_mobile": 32
      }
    },
    "footer": {
      "type": "footer",
      "blocks": {
        "text": {
          "type": "text",
          "settings": {
            "title": "",
            "image": "",
            "link": "",
            "image_width": 340,
            "text": "<p><strong>Maranello Power Tools Ltd.</strong><br/>5-19 Nelson Parade,<br/>Manchester, AB1 2CD<br/>Mon-Fri <strong>8am-5pm</strong><br/>GB 123 4567 89</p>",
            "show_social": false
          }
        },
        "menu-1": {
          "type": "menu",
          "settings": {
            "title": "Customer support",
            "menu": "footer"
          }
        },
        "menu-2": {
          "type": "menu",
          "settings": {
            "title": "Shop",
            "menu": ""
          }
        },
        "newsletter": {
          "type": "newsletter",
          "settings": {
            "title": "Newsletter",
            "text": "Subscribe to our newsletter and receive special offers",
            "consent_checkbox": false,
            "consent_text": "<p>I agree to receive marketing emails and special deals.</p>"
          }
        }
      },
      "block_order": [
        "text",
        "menu-1",
        "menu-2",
        "newsletter"
      ],
      "settings": {
        "payment_enable": true,
        "show_social": true,
        "enable_follow_on_shop": true,
        "enable_language_selector": false,
        "enable_country_selector": false,
        "enable_country_selector_flag": false,
        "color_scheme": "accent-2",
        "footer_links": "",
        "show_colored_icons": false
      }
    }
  },
  "order": [
    "features",
    "footer"
  ]
}
