{
  "name": "t:sections.header.name",
  "type": "header",
  "sections": {
    "announcement-bar": {
      "type": "announcement-bar",
      "settings": {
        "text": "Emergency support hotline: +30 123-456-789",
        "link": "",
        "menu": "",
        "text_size": "xs",
        "show_social": true,
        "enable_language_selector": false,
        "enable_country_selector": false,
        "enable_country_selector_flag": false,
        "color_scheme": "accent-1",
        "remove_border": false,
        "spacing_top": 1.1,
        "spacing_bottom": 1.1,
        "show_on_desktop": true,
        "show_on_mobile": true,
        "hide_if_empty": false,
        "spacing_mode": "desktop",
        "spacing_top_mobile": 1,
        "spacing_bottom_mobile": 1
      }
    },
    "header": {
      "type": "header",
      "settings": {
        "logo": "",
        "logo_width": 200,
        "menu": "main-menu",
        "menu_position": "right",
        "main_menu_nav_font_size": 12,
        "menu_main_nav_uppercase": true,
        "menu_secondary": "",
        "menu_secondary_button_label": "Categories",
        "menu_secondary_item_side_item_image": "",
        "menu_secondary_item_side_item_title": "Special offers",
        "menu_secondary_item_side_item_text": "<p>Save up to 30%</p>",
        "menu_secondary_item_side_item_url": "",
        "menu_mobile": "",
        "menu_mobile_expand_on_arrow": false,
        "menu_mobile_position": "end",
        "menu_font": "body",
        "enable_language_selector": true,
        "enable_country_selector": true,
        "enable_country_selector_flag": false,
        "mini_cart_icon": "cart",
        "redirect_to_cart": false,
        "mini_cart_show_totals": false,
        "account_link_text_logged_in": "",
        "account_link_text_logged_out": "",
        "header_layout": "normal",
        "enable_sticky_header": true,
        "sticky_header_always_on": true,
        "header_color_scheme": "accent-2",
        "header_remove_border": true,
        "navigation_color_scheme": "accent-1",
        "navigation_submenu_color_scheme": "background-2",
        "mobile_navigation_color_scheme": "background-2",
        "spacing_top": 2.5,
        "spacing_bottom": 2.5,
        "logo_homepage_tag": "h1",
        "mobile_logo": "",
        "mobile_logo_width": 80,
        "logo_text": "",
        "logo_slogan": "",
        "spacing_mode": "desktop",
        "spacing_top_mobile": 2,
        "spacing_bottom_mobile": 2
      }
    }
  },
  "order": [
    "announcement-bar",
    "header"
  ]
}
