{"current":"Maranello","installed_preset_name":"Maranello","presets":{"Maranello":{"color_schemes":{"background-1":{"settings":{"background":"#f6f6f6","background_complementary":"#ffffff","text":"#404040","headings_text":"#1b1b1b","border":"#e1e1e1","card_border":"#f6f6f6","accent_1":"#ce333c","accent_2":"#121212","primary_button_text":"#ffffff","primary_button_background":"#ce333c","secondary_button_text":"#ffffff","secondary_button_background":"#121212","colors_product_cards_background":"#ffffff","colors_product_cards_text":"#404040","colors_product_cards_headings_text":"#1b1b1b","colors_product_cards_border":"#f6f6f6","colors_product_cards_price":"#1b1b1b","colors_product_cards_price_discount":"#404040","colors_product_cards_price_final_discount":"#ce333c","colors_forms_background":"#ffffff","colors_forms_text":"#404040","colors_forms_border":"#e1e1e1","colors_aux_background":"#ffffff","colors_aux_text":"#1b1b1b","colors_aux_border":"#e1e1e1"}},"background-2":{"settings":{"background":"#ffffff","background_complementary":"#f6f6f6","text":"#404040","headings_text":"#1b1b1b","border":"#e1e1e1","card_border":"#f6f6f6","accent_1":"#ce333c","accent_2":"#121212","primary_button_text":"#ffffff","primary_button_background":"#ce333c","secondary_button_text":"#ffffff","secondary_button_background":"#121212","colors_product_cards_background":"#ffffff","colors_product_cards_text":"#404040","colors_product_cards_headings_text":"#1b1b1b","colors_product_cards_border":"#f6f6f6","colors_product_cards_price":"#1b1b1b","colors_product_cards_price_discount":"#404040","colors_product_cards_price_final_discount":"#1b1b1b","colors_forms_background":"#ffffff","colors_forms_text":"#404040","colors_forms_border":"#e1e1e1","colors_aux_background":"#ffffff","colors_aux_text":"#1b1b1b","colors_aux_border":"#e1e1e1"}},"accent-1":{"settings":{"background":"#ce333c","background_complementary":"#ffffff21","text":"#ffffff","headings_text":"#ffffff","border":"#ffffff12","card_border":"#ffffff21","accent_1":"#ffffff","accent_2":"#121212","primary_button_text":"#ffffff","primary_button_background":"#121212","secondary_button_text":"#121212","secondary_button_background":"#f2f2f2","colors_product_cards_background":"#ffffff","colors_product_cards_text":"#404040","colors_product_cards_headings_text":"#1b1b1b","colors_product_cards_border":"#f6f6f6","colors_product_cards_price":"#1b1b1b","colors_product_cards_price_discount":"#404040","colors_product_cards_price_final_discount":"#1b1b1b","colors_forms_background":"#ffffff","colors_forms_text":"#404040","colors_forms_border":"#e1e1e1","colors_aux_background":"#ffffff","colors_aux_text":"#1b1b1b","colors_aux_border":"#e1e1e1"}},"accent-2":{"settings":{"background":"#121212","background_complementary":"#ffffff21","text":"#ffffff","headings_text":"#ffffff","border":"#ffffff21","card_border":"#ffffff21","accent_1":"#ffffff","accent_2":"#ce333c","primary_button_text":"#ffffff","primary_button_background":"#ce333c","secondary_button_text":"#121212","secondary_button_background":"#f2f2f2","colors_product_cards_background":"#ffffff","colors_product_cards_text":"#404040","colors_product_cards_headings_text":"#1b1b1b","colors_product_cards_border":"#f6f6f6","colors_product_cards_price":"#1b1b1b","colors_product_cards_price_discount":"#404040","colors_product_cards_price_final_discount":"#1b1b1b","colors_forms_background":"#ffffff","colors_forms_text":"#404040","colors_forms_border":"#e1e1e1","colors_aux_background":"#ffffff","colors_aux_text":"#1b1b1b","colors_aux_border":"#e1e1e1"}},"accent-3":{"settings":{"background":"#101633","background_complementary":"#ffffff21","text":"#ffffff","headings_text":"#ffffff","border":"#ffffff1a","card_border":"#ffffff1a","accent_1":"#ffffff","accent_2":"#ce333c","primary_button_text":"#ffffff","primary_button_background":"#ce333c","secondary_button_text":"#101633","secondary_button_background":"#f2f2f2","colors_product_cards_background":"#ffffff","colors_product_cards_text":"#404040","colors_product_cards_headings_text":"#1b1b1b","colors_product_cards_border":"#f6f6f6","colors_product_cards_price":"#1b1b1b","colors_product_cards_price_discount":"#404040","colors_product_cards_price_final_discount":"#1b1b1b","colors_forms_background":"#ffffff","colors_forms_text":"#404040","colors_forms_border":"#e1e1e1","colors_aux_background":"#ffffff","colors_aux_text":"#1b1b1b","colors_aux_border":"#e1e1e1"}}},"color_badge_sale":"#CE333C","color_badge_instock":"#0da31c","color_badge_limitedstock":"#bd6b1b","color_badge_outofstock":"#BC2222","color_badge_preorder":"#0B6CFF","color_badge_backorder":"#1A7F24","price_color":"#1B1B1B","price_discounted_color":"#404040","price_final_discounted_color":"#ce333c","typography_headings":"inter_n6","typography_headings_size":100,"typography_headings_spacing":0,"typography_headings_uppercase":false,"typography_body":"inter_n4","typography_body_size":100,"product_font_scale":100,"product_grid_font_scale":100,"border_style":"5px","breadcrumbs_enabled":false,"hide_heading_ribbons":false,"button_top_enabled":true,"buttons_style":"solid","buttons_shape":"pill","buttons_font":"body","buttons_size":"md","buttons_uppercase":false,"only_x_left":3,"show_items_in_stock":false,"sale_badge_mode":"sale","badges_shape":"square","badges_uppercase":true,"custom_badge_1_color_text":"#FFFFFF","custom_badge_1_color_background":"#ce333c","custom_badge_1_days_ago":0,"custom_badge_2_color_text":"#FFFFFF","custom_badge_2_color_background":"#1b1b1b","custom_badge_2_days_ago":0,"swatches_on_products":false,"swatches_on_filters":false,"swatches_on_product_listings":false,"swatches_on_product_listings_max":12,"visual_filters_columns":4,"predictive_search_enabled":true,"predictive_search_limit":10,"predictive_search_limit_scope":"each","search_filter_type":"none","predictive_search_show_vendor":true,"predictive_search_show_price":true,"products_pagination":"default","products_two_column_mobile":true,"filters_scroll_top":true,"all_products_hero_disabled":false,"product_title_font":"body","product_content_alignment":"center","products_show_secondary_image":true,"product_image_ratio":"adapt","product_image_crop":true,"products_show_add_to_cart":true,"products_show_add_to_cart_mobile":true,"products_add_to_cart_animate":false,"products_quickadd_no_variants":"add_to_cart","products_quickadd_variants":"quickview","products_add_to_cart_style":"solid","products_hide_empty_star_rating":false,"product_compare_enabled":true,"product_compare_mode":"switch_disabled","product_compare_modal":true,"product_compare_max_products":5,"currency_code_enabled":false,"minicart_show_vendor":true,"minicart_show_coupon_code":true,"minicart_show_cart_button":true,"minicart_show_checkout_button":true},"Records":{"color_schemes":{"background-1":{"settings":{"background":"#f6f6f6","background_complementary":"#ffffff","text":"#404040","headings_text":"#1b1b1b","border":"#e1e1e1","card_border":"#f6f6f6","accent_1":"#402f2e","accent_2":"#fcc931","primary_button_text":"#291d1c","primary_button_background":"#fcc931","secondary_button_text":"#ffffff","secondary_button_background":"#5e3f3d","colors_product_cards_background":"#ffffff","colors_product_cards_text":"#404040","colors_product_cards_headings_text":"#1b1b1b","colors_product_cards_border":"#f6f6f6","colors_product_cards_price":"#1b1b1b","colors_product_cards_price_discount":"#404040","colors_product_cards_price_final_discount":"#ce291f","colors_forms_background":"#ffffff","colors_forms_text":"#404040","colors_forms_border":"#e1e1e1","colors_aux_background":"#ffffff","colors_aux_text":"#1b1b1b","colors_aux_border":"#e1e1e1"}},"background-2":{"settings":{"background":"#ffffff","background_complementary":"#ffffff","text":"#404040","headings_text":"#1b1b1b","border":"#e1e1e1","card_border":"#f6f6f6","accent_1":"#402f2e","accent_2":"#fcc931","primary_button_text":"#291d1c","primary_button_background":"#fcc931","secondary_button_text":"#ffffff","secondary_button_background":"#5e3f3d","colors_product_cards_background":"#ffffff","colors_product_cards_text":"#404040","colors_product_cards_headings_text":"#1b1b1b","colors_product_cards_border":"#f6f6f6","colors_product_cards_price":"#1b1b1b","colors_product_cards_price_discount":"#404040","colors_product_cards_price_final_discount":"#1b1b1b","colors_forms_background":"#ffffff","colors_forms_text":"#404040","colors_forms_border":"#e1e1e1","colors_aux_background":"#ffffff","colors_aux_text":"#1b1b1b","colors_aux_border":"#e1e1e1"}},"accent-1":{"settings":{"background":"#402f2e","background_complementary":"#ffffff21","text":"#ffffff","headings_text":"#ffffff","border":"#ffffff33","card_border":"#ffffff0f","accent_1":"#ffffff","accent_2":"#fcc931","primary_button_text":"#291d1c","primary_button_background":"#fcc931","secondary_button_text":"#ffffff","secondary_button_background":"#402f2e","colors_product_cards_background":"#ffffff","colors_product_cards_text":"#404040","colors_product_cards_headings_text":"#1b1b1b","colors_product_cards_border":"#f6f6f6","colors_product_cards_price":"#1b1b1b","colors_product_cards_price_discount":"#404040","colors_product_cards_price_final_discount":"#1b1b1b","colors_forms_background":"#ffffff","colors_forms_text":"#404040","colors_forms_border":"#e1e1e1","colors_aux_background":"#ffffff","colors_aux_text":"#1b1b1b","colors_aux_border":"#e1e1e1"}},"accent-2":{"settings":{"background":"#fcc931","background_complementary":"#ffffff","text":"#212121","headings_text":"#212121","border":"#00000014","card_border":"#00000014","accent_1":"#212121","accent_2":"#402f2e","primary_button_text":"#ffffff","primary_button_background":"#212121","secondary_button_text":"#ffffff","secondary_button_background":"#402f2e","colors_product_cards_background":"#ffffff","colors_product_cards_text":"#404040","colors_product_cards_headings_text":"#1b1b1b","colors_product_cards_border":"#f6f6f6","colors_product_cards_price":"#1b1b1b","colors_product_cards_price_discount":"#404040","colors_product_cards_price_final_discount":"#1b1b1b","colors_forms_background":"#ffffff","colors_forms_text":"#404040","colors_forms_border":"#e1e1e1","colors_aux_background":"#ffffff","colors_aux_text":"#1b1b1b","colors_aux_border":"#e1e1e1"}},"accent-3":{"settings":{"background":"#5e3f3d","background_complementary":"#ffffff21","text":"#ffffff","headings_text":"#ffffff","border":"#ffffff1a","card_border":"#ffffff0f","accent_1":"#ffffff","accent_2":"#fcc931","primary_button_text":"#291d1c","primary_button_background":"#fcc931","secondary_button_text":"#1b1b1b","secondary_button_background":"#ffffff","colors_product_cards_background":"#ffffff","colors_product_cards_text":"#404040","colors_product_cards_headings_text":"#1b1b1b","colors_product_cards_border":"#f6f6f6","colors_product_cards_price":"#1b1b1b","colors_product_cards_price_discount":"#404040","colors_product_cards_price_final_discount":"#1b1b1b","colors_forms_background":"#ffffff","colors_forms_text":"#404040","colors_forms_border":"#e1e1e1","colors_aux_background":"#ffffff","colors_aux_text":"#1b1b1b","colors_aux_border":"#e1e1e1"}}},"color_badge_sale":"#CE333C","color_badge_instock":"#1A7F24","color_badge_limitedstock":"#bd6b1b","color_badge_outofstock":"#BC2222","color_badge_preorder":"#0B6CFF","color_badge_backorder":"#1A7F24","price_color":"#1B1B1B","price_discounted_color":"#404040","price_final_discounted_color":"#ce291f","typography_headings":"besley_n7","typography_headings_size":100,"typography_headings_spacing":0,"typography_headings_uppercase":false,"typography_body":"inter_n4","typography_body_size":100,"product_font_scale":100,"product_grid_font_scale":100,"border_style":"5px","breadcrumbs_enabled":false,"hide_heading_ribbons":false,"button_top_enabled":true,"buttons_style":"solid","buttons_shape":"rounded","buttons_font":"body","buttons_size":"md","buttons_uppercase":false,"only_x_left":3,"show_items_in_stock":false,"sale_badge_mode":"sale","badges_shape":"square","badges_uppercase":true,"custom_badge_1_color_text":"#FFFFFF","custom_badge_1_color_background":"#ce333c","custom_badge_1_days_ago":0,"custom_badge_2_color_text":"#FFFFFF","custom_badge_2_color_background":"#1b1b1b","custom_badge_2_days_ago":0,"swatches_on_products":false,"swatches_on_filters":false,"swatches_on_product_listings":false,"swatches_on_product_listings_max":12,"visual_filters_columns":4,"predictive_search_enabled":true,"predictive_search_limit":10,"predictive_search_limit_scope":"each","search_filter_type":"none","predictive_search_show_vendor":true,"predictive_search_show_price":true,"products_pagination":"default","products_two_column_mobile":true,"filters_scroll_top":true,"all_products_hero_disabled":false,"product_title_font":"body","product_content_alignment":"center","products_show_secondary_image":true,"product_image_ratio":"adapt","product_image_crop":true,"products_show_add_to_cart":true,"products_show_add_to_cart_mobile":true,"products_add_to_cart_animate":false,"products_quickadd_no_variants":"add_to_cart","products_quickadd_variants":"select_options","products_add_to_cart_style":"solid","products_hide_empty_star_rating":false,"product_compare_enabled":false,"product_compare_mode":"switch_disabled","product_compare_modal":true,"product_compare_max_products":5,"currency_code_enabled":false,"minicart_show_vendor":true,"minicart_show_coupon_code":true,"minicart_show_cart_button":true,"minicart_show_checkout_button":true},"Sneakers":{"color_schemes":{"background-1":{"settings":{"background":"#ffffff","background_complementary":"#fafafa","text":"#404040","headings_text":"#1b1b1b","border":"#ededed","card_border":"#fafafa","accent_1":"#121212","accent_2":"#121212","primary_button_text":"#ffffff","primary_button_background":"#0b6cff","secondary_button_text":"#ffffff","secondary_button_background":"#121212","colors_product_cards_background":"#fafafa","colors_product_cards_text":"#404040","colors_product_cards_headings_text":"#1b1b1b","colors_product_cards_border":"#fafafa","colors_product_cards_price":"#1b1b1b","colors_product_cards_price_discount":"#404040","colors_product_cards_price_final_discount":"#1B1B1B","colors_forms_background":"#ffffff","colors_forms_text":"#404040","colors_forms_border":"#e1e1e1","colors_aux_background":"#ffffff","colors_aux_text":"#1b1b1b","colors_aux_border":"#e1e1e1"}},"background-2":{"settings":{"background":"#fafafa","background_complementary":"#ffffff","text":"#404040","headings_text":"#1b1b1b","border":"#e1e1e1","card_border":"#f6f6f6","accent_1":"#0b6cff","accent_2":"#121212","primary_button_text":"#ffffff","primary_button_background":"#0b6cff","secondary_button_text":"#ffffff","secondary_button_background":"#121212","colors_product_cards_background":"#ffffff","colors_product_cards_text":"#404040","colors_product_cards_headings_text":"#1b1b1b","colors_product_cards_border":"#f6f6f6","colors_product_cards_price":"#1b1b1b","colors_product_cards_price_discount":"#404040","colors_product_cards_price_final_discount":"#1B1B1B","colors_forms_background":"#ffffff","colors_forms_text":"#404040","colors_forms_border":"#e1e1e1","colors_aux_background":"#ffffff","colors_aux_text":"#1b1b1b","colors_aux_border":"#e1e1e1"}},"accent-1":{"settings":{"background":"#0b6cff","background_complementary":"#ffffff21","text":"#ffffff","headings_text":"#ffffff","border":"#ffffff12","card_border":"#ffffff21","accent_1":"#ffffff","accent_2":"#121212","primary_button_text":"#ffffff","primary_button_background":"#121212","secondary_button_text":"#121212","secondary_button_background":"#f2f2f2","colors_product_cards_background":"#ffffff","colors_product_cards_text":"#404040","colors_product_cards_headings_text":"#1b1b1b","colors_product_cards_border":"#f6f6f6","colors_product_cards_price":"#1b1b1b","colors_product_cards_price_discount":"#404040","colors_product_cards_price_final_discount":"#1B1B1B","colors_forms_background":"#ffffff","colors_forms_text":"#404040","colors_forms_border":"#e1e1e1","colors_aux_background":"#ffffff","colors_aux_text":"#1b1b1b","colors_aux_border":"#e1e1e1"}},"accent-2":{"settings":{"background":"#121212","background_complementary":"#ffffff21","text":"#ffffff","headings_text":"#ffffff","border":"#ffffff21","card_border":"#ffffff21","accent_1":"#ffffff","accent_2":"#0b6cff","primary_button_text":"#ffffff","primary_button_background":"#0b6cff","secondary_button_text":"#121212","secondary_button_background":"#f2f2f2","colors_product_cards_background":"#ffffff","colors_product_cards_text":"#404040","colors_product_cards_headings_text":"#1b1b1b","colors_product_cards_border":"#f6f6f6","colors_product_cards_price":"#1b1b1b","colors_product_cards_price_discount":"#404040","colors_product_cards_price_final_discount":"#1B1B1B","colors_forms_background":"#ffffff","colors_forms_text":"#404040","colors_forms_border":"#e1e1e1","colors_aux_background":"#ffffff","colors_aux_text":"#1b1b1b","colors_aux_border":"#e1e1e1"}},"accent-3":{"settings":{"background":"#101633","background_complementary":"#ffffff21","text":"#ffffff","headings_text":"#ffffff","border":"#ffffff1a","card_border":"#ffffff1a","accent_1":"#ffffff","accent_2":"#0b6cff","primary_button_text":"#ffffff","primary_button_background":"#0b6cff","secondary_button_text":"#101633","secondary_button_background":"#f2f2f2","colors_product_cards_background":"#ffffff","colors_product_cards_text":"#404040","colors_product_cards_headings_text":"#1b1b1b","colors_product_cards_border":"#f6f6f6","colors_product_cards_price":"#1b1b1b","colors_product_cards_price_discount":"#404040","colors_product_cards_price_final_discount":"#1B1B1B","colors_forms_background":"#ffffff","colors_forms_text":"#404040","colors_forms_border":"#e1e1e1","colors_aux_background":"#ffffff","colors_aux_text":"#1b1b1b","colors_aux_border":"#e1e1e1"}}},"color_badge_sale":"#1B1B1B","color_badge_instock":"#0B6CFF","color_badge_limitedstock":"#ff7d00","color_badge_outofstock":"#BC2222","color_badge_preorder":"#404040","color_badge_backorder":"#159f86","price_color":"#1B1B1B","price_discounted_color":"#404040","price_final_discounted_color":"#1B1B1B","typography_headings":"instrument_sans_n7","typography_headings_size":100,"typography_headings_spacing":0,"typography_headings_uppercase":false,"typography_body":"archivo_n4","typography_body_size":100,"product_font_scale":100,"product_grid_font_scale":85,"border_style":"2px","breadcrumbs_enabled":false,"hide_heading_ribbons":true,"button_top_enabled":true,"buttons_style":"solid","buttons_shape":"square","buttons_font":"headings","buttons_size":"lg","buttons_uppercase":false,"only_x_left":3,"show_items_in_stock":false,"sale_badge_mode":"sale","badges_shape":"square","badges_uppercase":false,"custom_badge_1_color_text":"#FFFFFF","custom_badge_1_color_background":"#0b6cff","custom_badge_1_days_ago":0,"custom_badge_2_color_text":"#FFFFFF","custom_badge_2_color_background":"#1b1b1b","custom_badge_2_days_ago":0,"swatches_on_products":true,"swatches_on_filters":false,"swatches_on_product_listings":false,"swatches_on_product_listings_max":12,"visual_filters_columns":4,"predictive_search_enabled":true,"predictive_search_limit":7,"predictive_search_limit_scope":"each","search_filter_type":"none","predictive_search_show_vendor":true,"predictive_search_show_price":true,"products_pagination":"default","products_two_column_mobile":true,"filters_scroll_top":true,"all_products_hero_disabled":false,"product_title_font":"body","product_content_alignment":"center","products_show_secondary_image":true,"product_image_ratio":"adapt","product_image_crop":true,"products_show_add_to_cart":false,"products_show_add_to_cart_mobile":false,"products_add_to_cart_animate":false,"products_quickadd_no_variants":"add_to_cart","products_quickadd_variants":"select_options","products_add_to_cart_style":"solid","products_hide_empty_star_rating":false,"product_compare_enabled":true,"product_compare_mode":"switch_disabled","product_compare_modal":true,"product_compare_max_products":5,"currency_code_enabled":false,"minicart_show_vendor":true,"minicart_show_coupon_code":false,"minicart_show_cart_button":true,"minicart_show_checkout_button":true},"Chroma":{"color_schemes":{"background-1":{"settings":{"background":"#ffffff","background_complementary":"#f8f9fb","text":"#475569","headings_text":"#1e293b","border":"#dee3e9","card_border":"#e7edf4","accent_1":"#2563eb","accent_2":"#1e293b","primary_button_text":"#ffffff","primary_button_background":"#2563eb","secondary_button_text":"#ffffff","secondary_button_background":"#1e293b","colors_product_cards_background":"#ffffff","colors_product_cards_text":"#475569","colors_product_cards_headings_text":"#1e293b","colors_product_cards_border":"#dee3e9","colors_product_cards_price":"#1e293b","colors_product_cards_price_discount":"#ce333c","colors_product_cards_price_final_discount":"#1e293b","colors_forms_background":"#f8f9fb","colors_forms_text":"#475569","colors_forms_border":"#dee3e9","colors_aux_background":"#f8f9fb","colors_aux_text":"#1e293b","colors_aux_border":"#dee3e9"}},"background-2":{"settings":{"background":"#f8f9fb","background_complementary":"#ffffff","text":"#475569","headings_text":"#1e293b","border":"#dee3e9","card_border":"#f8f9fb","accent_1":"#2563eb","accent_2":"#1e293b","primary_button_text":"#ffffff","primary_button_background":"#2563eb","secondary_button_text":"#ffffff","secondary_button_background":"#1e293b","colors_product_cards_background":"#f8f9fb","colors_product_cards_text":"#475569","colors_product_cards_headings_text":"#1e293b","colors_product_cards_border":"#dee3e9","colors_product_cards_price":"#1e293b","colors_product_cards_price_discount":"#475569","colors_product_cards_price_final_discount":"#1e293b","colors_forms_background":"#f9fafb","colors_forms_text":"#475569","colors_forms_border":"#dee3e9","colors_aux_background":"#f9fafb","colors_aux_text":"#1e293b","colors_aux_border":"#dee3e9"}},"accent-1":{"settings":{"background":"#2563eb","background_complementary":"#ffffff21","text":"#ffffff","headings_text":"#ffffff","border":"#ffffff12","card_border":"#ffffff21","accent_1":"#ffffff","accent_2":"#1e293b","primary_button_text":"#ffffff","primary_button_background":"#1e293b","secondary_button_text":"#121212","secondary_button_background":"#f2f2f2","colors_product_cards_background":"#f9fafb","colors_product_cards_text":"#475569","colors_product_cards_headings_text":"#1e293b","colors_product_cards_border":"#e2e8f0","colors_product_cards_price":"#1e293b","colors_product_cards_price_discount":"#475569","colors_product_cards_price_final_discount":"#1e293b","colors_forms_background":"#f9fafb","colors_forms_text":"#475569","colors_forms_border":"#e2e8f0","colors_aux_background":"#f9fafb","colors_aux_text":"#1e293b","colors_aux_border":"#e2e8f0"}},"accent-2":{"settings":{"background":"#1e293b","background_complementary":"#ffffff21","text":"#ffffff","headings_text":"#ffffff","border":"#ffffff21","card_border":"#ffffff21","accent_1":"#ffffff","accent_2":"#2563eb","primary_button_text":"#ffffff","primary_button_background":"#2563eb","secondary_button_text":"#121212","secondary_button_background":"#f2f2f2","colors_product_cards_background":"#f9fafb","colors_product_cards_text":"#475569","colors_product_cards_headings_text":"#1e293b","colors_product_cards_border":"#e2e8f0","colors_product_cards_price":"#1e293b","colors_product_cards_price_discount":"#475569","colors_product_cards_price_final_discount":"#1e293b","colors_forms_background":"#f9fafb","colors_forms_text":"#475569","colors_forms_border":"#e2e8f0","colors_aux_background":"#f9fafb","colors_aux_text":"#1e293b","colors_aux_border":"#e2e8f0"}},"accent-3":{"settings":{"background":"#e2e8f0","background_complementary":"#ffffff21","text":"#1e293b","headings_text":"#1e293b","border":"#ffffff1a","card_border":"#ffffff1a","accent_1":"#ffffff","accent_2":"#2563eb","primary_button_text":"#ffffff","primary_button_background":"#2563eb","secondary_button_text":"#101633","secondary_button_background":"#f2f2f2","colors_product_cards_background":"#f9fafb","colors_product_cards_text":"#475569","colors_product_cards_headings_text":"#1e293b","colors_product_cards_border":"#e2e8f0","colors_product_cards_price":"#1e293b","colors_product_cards_price_discount":"#475569","colors_product_cards_price_final_discount":"#1e293b","colors_forms_background":"#f9fafb","colors_forms_text":"#475569","colors_forms_border":"#e2e8f0","colors_aux_background":"#f9fafb","colors_aux_text":"#1e293b","colors_aux_border":"#e2e8f0"}}},"color_badge_sale":"#CE333C","color_badge_instock":"#1A7F24","color_badge_limitedstock":"#bd6b1b","color_badge_outofstock":"#BC2222","color_badge_preorder":"#0B6CFF","color_badge_backorder":"#1A7F24","price_color":"#1B1B1B","price_discounted_color":"#404040","price_final_discounted_color":"#1B1B1B","typography_headings":"inter_n6","typography_headings_size":100,"typography_headings_spacing":0,"typography_headings_uppercase":false,"typography_body":"inter_n4","typography_body_size":100,"product_font_scale":100,"product_grid_font_scale":100,"border_style":"5px","breadcrumbs_enabled":false,"hide_heading_ribbons":true,"button_top_enabled":false,"buttons_style":"solid","buttons_shape":"pill","buttons_font":"body","buttons_size":"md","buttons_uppercase":false,"only_x_left":3,"show_items_in_stock":false,"sale_badge_mode":"sale","badges_shape":"square","badges_uppercase":true,"custom_badge_1_color_text":"#FFFFFF","custom_badge_1_color_background":"#ce333c","custom_badge_1_days_ago":0,"custom_badge_2_color_text":"#FFFFFF","custom_badge_2_color_background":"#1b1b1b","custom_badge_2_days_ago":0,"swatches_on_products":true,"swatches_on_filters":true,"swatches_on_product_listings":true,"swatches_on_product_listings_max":20,"visual_filters_columns":4,"predictive_search_enabled":true,"predictive_search_limit":4,"predictive_search_limit_scope":"each","search_filter_type":"none","predictive_search_show_vendor":true,"predictive_search_show_price":false,"products_pagination":"default","products_two_column_mobile":true,"filters_scroll_top":false,"all_products_hero_disabled":false,"product_title_font":"body","product_content_alignment":"center","products_show_secondary_image":true,"product_image_ratio":"adapt","product_image_crop":true,"products_show_add_to_cart":true,"products_show_add_to_cart_mobile":false,"products_add_to_cart_animate":false,"products_quickadd_no_variants":"add_to_cart","products_quickadd_variants":"select_options","products_add_to_cart_style":"solid","products_hide_empty_star_rating":false,"product_compare_enabled":false,"product_compare_mode":"always","product_compare_modal":true,"product_compare_max_products":5,"currency_code_enabled":false,"minicart_show_vendor":true,"minicart_show_coupon_code":true,"minicart_show_cart_button":true,"minicart_show_checkout_button":true}}}